plan_kwh,emergency_kwh,charge_kwh,discharge_kwh,curtailment_kwh,unused_plan_kwh,plan_cost_yuan,emergency_cost_yuan,total_cost_yuan,soc_start_kwh,soc_end_kwh,emergency_intervals,date,method,solver_method,solver_success,solver_status_code,mip_gap,surrogate_objective_yuan,dual_bound_yuan,lp_lower_bound_yuan,lp_initial_conflicts,incremental_rounds,active_binary_count,total_possible_binaries,binary_history,model_build_seconds,model_solve_seconds,model_max_constraint_violation,source_day_count,source_day_max,source_causal,plan_frozen,physical_checks_passed
75882.487365,4.86721773996e-12,10677.5817215,8648.13920164,8324.92823771,31149.9406741,45680.6898769,2.98017539535e-11,45680.6898769,6113.39239929,6114.17239127,0,2025-02-01,point,INCREMENTAL_LP_CERTIFIED,True,0,0,45680.6898769,0,45680.6898769,0,0,0,144,0,0.000942499998928,0.00386740000067,2.72848410532e-12,0,-1,True,True,True
75299.6541376,6966.49535131,22123.9737613,18302.0698057,7.18730630567e-14,87.9675833333,45277.7580467,33293.5441743,78571.302221,6114.17239127,5690.11565902,82,2025-02-02,point,INCREMENTAL_LP_CERTIFIED,True,0,0,45277.7580467,0,45277.7580467,0,0,0,144,0,0.00103039999885,0.00404879999951,2.72848410532e-12,0,-1,True,True,True
74454.8845363,9760.25164821,21556.1891463,17575.5820808,5.68434188608e-14,17.6126190476,44555.3329221,46346.1047447,90901.4376668,5690.11565902,5562.26135648,86,2025-02-03,point,INCREMENTAL_LP_CERTIFIED,True,0,0,44555.3329221,0,44555.3329221,0,0,0,144,0,0.000927199998841,0.00393360000089,2.27373675443e-12,0,-1,True,True,True
74010.3251564,11159.5855527,21388.501366,17413.4546068,9.33437355188e-14,6.36646291241e-12,44226.9938694,53264.9680116,97491.961881,5562.26135648,5463.62968937,88,2025-02-04,point,INCREMENTAL_LP_CERTIFIED,True,0,0,44226.9938694,0,44226.9938694,0,0,0,144,0,0.000961700001426,0.00389929999983,2.50111042988e-12,0,-1,True,True,True
73279.6874051,11476.3032394,20771.2245884,16763.6609272,1.13686837722e-13,5.1443294069e-12,43723.4678463,55212.9175667,98936.385413,5463.62968937,5531.44189981,92,2025-02-05,point,INCREMENTAL_LP_CERTIFIED,True,0,0,43723.4678463,0,43723.4678463,0,0,0,144,0,0.000971699999354,0.00387700000101,1.5916157281e-12,0,-1,True,True,True
73118.1722082,11104.0559833,20733.6667159,16785.5611125,1.70530256582e-13,3.06537142857,43656.6913972,53612.1250375,97268.8164347,5531.44189981,5541.11848579,93,2025-02-06,point,INCREMENTAL_LP_CERTIFIED,True,0,0,43656.6913972,0,43656.6913972,0,0,0,144,0,0.00109169999996,0.00455829999919,2.16004991671e-12,0,-1,True,True,True
72610.9206539,5.74118530494e-12,12791.0475289,9864.84566667,8890.70076667,28988.3383583,43254.146373,3.27026867808e-11,43254.146373,5541.11848579,6092.12163214,0,2025-02-07,point,INCREMENTAL_LP_CERTIFIED,True,0,0,43254.146373,0,43254.146373,0,0,0,144,0,0.00102420000076,0.00398250000035,9.09494701773e-13,0,-1,True,True,True
70986.9450627,1.57385215971e-12,11315.4066755,9154.1542119,9196.80796429,28051.7219182,42369.2571913,8.63518323513e-12,42369.2571913,6092.12163214,6104.70518241,0,2025-02-08,point,INCREMENTAL_LP_CERTIFIED,True,0,0,42369.2571913,0,42369.2571913,0,0,0,144,0,0.000917600000321,0.0036555000006,2.50111042988e-12,0,-1,True,True,True
70572.5559392,12093.0731338,19472.308213,16362.0951067,1.45661260831e-13,5.28643795406e-12,42086.5983272,58663.3279264,100749.926254,6104.70518241,5449.67690005,92,2025-02-09,point,INCREMENTAL_LP_CERTIFIED,True,0,0,42086.5983272,0,42086.5983272,0,0,0,144,0,0.000936300000831,0.00373909999871,2.04636307899e-12,0,-1,True,True,True
71483.5398186,7255.60595157,22617.5549829,18435.7823365,1.24528165557e-12,230.735540476,42482.8219683,32707.0884361,75189.9104044,5449.67690005,5321.27378852,82,2025-02-10,point,INCREMENTAL_LP_CERTIFIED,True,0,0,42482.8219683,0,42482.8219683,0,0,0,144,0,0.000912299999982,0.0039383000003,2.72848410532e-12,0,-1,True,True,True
70781.0561782,8810.48388631,22194.8980568,17823.9551256,1.31250565971e-12,6.36646291241e-12,41949.6891379,41255.7644613,83205.4535992,5321.27378852,5492.28745561,84,2025-02-11,point,INCREMENTAL_LP_CERTIFIED,True,0,0,41949.6891379,0,41949.6891379,0,0,0,144,0,0.000926999999137,0.00366630000099,2.72848410532e-12,0,-1,True,True,True
69713.2748135,9730.93253431,21913.9683849,17783.0322109,1.7816241646e-13,46.5350404762,41277.9678808,44967.7070168,86245.6748976,5492.28745561,5455.93432323,89,2025-02-12,point,INCREMENTAL_LP_CERTIFIED,True,0,0,41277.9678808,0,41277.9678808,0,0,0,144,0,0.000944000001255,0.00393230000009,2.50111042988e-12,0,-1,True,True,True
68906.8196201,7128.86268626,21703.9239818,17428.7123114,126.08925,304.902369283,40792.5383421,32163.8525469,72956.390889,5455.93432323,5624.23000534,81,2025-02-13,point,INCREMENTAL_LP_CERTIFIED,True,0,0,40792.5383421,0,40792.5383421,0,0,0,144,0,0.0011069000011,0.00387159999991,2.6147972676e-12,0,-1,True,True,True
67334.2177312,2.74269496003e-12,11929.6215173,9232.66628571,9967.77955453,24867.6811284,39854.2654035,1.7292741461e-11,39854.2654035,5624.23000534,6102.37127571,0,2025-02-14,point,INCREMENTAL_LP_CERTIFIED,True,0,0,39854.2654035,0,39854.2654035,0,0,0,144,0,0.000979899999948,0.00378069999897,2.38742359215e-12,0,-1,True,True,True
66498.1178341,2.82796008833e-12,11339.2640713,9195.10856667,10658.0030062,24415.8682234,39353.2140897,1.77825612013e-11,39353.2140897,6102.37127571,6090.92164354,0,2025-02-15,point,INCREMENTAL_LP_CERTIFIED,True,0,0,39353.2140897,0,39353.2140897,0,0,0,144,0,0.000949500001298,0.0037371999988,2.6147972676e-12,0,-1,True,True,True
66156.7006527,12057.4237487,17998.3263099,15161.5810084,1.17385430803e-13,5.00222085975e-12,39104.3198973,59389.8272553,98494.1471526,6090.92164354,5443.21420198,98,2025-02-16,point,INCREMENTAL_LP_CERTIFIED,True,0,0,39104.3198973,0,39104.3198973,0,0,0,144,0,0.000946800000747,0.00409469999977,1.81898940355e-12,0,-1,True,True,True
66257.7041986,8637.40514593,20110.0557915,16398.8096136,1.41014072164e-12,6.93489710102e-12,39022.8305652,40852.8348573,79875.6654225,5443.21420198,5321.36484365,82,2025-02-17,point,INCREMENTAL_LP_CERTIFIED,True,0,0,39022.8305652,0,39022.8305652,0,0,0,144,0,0.00089990000015,0.00355110000055,1.5916157281e-12,0,-1,True,True,True
65933.7611976,10059.2537521,19325.2676452,15466.5238217,42.8833428571,3.60955709766e-12,38765.4875925,49318.4742955,88083.961888,5321.36484365,5529.07925585,91,2025-02-18,point,INCREMENTAL_LP_CERTIFIED,True,0,0,38765.4875925,0,38765.4875925,0,0,0,144,0,0.00100569999995,0.0038112000002,2.95585778076e-12,0,-1,True,True,True
65250.7517479,11224.342321,19925.8465529,16415.9304244,5.06705788439e-13,85.8505571429,38317.689974,52813.2837673,91130.9737413,5529.07925585,5222.41845966,93,2025-02-19,point,INCREMENTAL_LP_CERTIFIED,True,0,0,38317.689974,0,38317.689974,0,0,0,144,0,0.00102610000067,0.00407570000061,2.16004991671e-12,0,-1,True,True,True
65242.910127,9810.4309245,19724.6344508,15664.4271326,3.3421321266e-12,4.49063009e-12,38240.712497,47881.0733332,86121.7858302,5222.41845966,5569.67042913,84,2025-02-20,point,INCREMENTAL_LP_CERTIFIED,True,0,0,38240.712497,0,38240.712497,0,0,0,144,0,0.000932599999942,0.00353609999911,3.63797880709e-12,0,-1,True,True,True
64801.7973419,2.68163269368e-12,12003.9016638,9240.91938333,12386.7917988,24091.7612293,38017.8037105,1.67157147013e-11,38017.8037105,5569.67042913,6105.49372286,0,2025-02-21,point,INCREMENTAL_LP_CERTIFIED,True,0,0,38017.8037105,0,38017.8037105,0,0,0,144,0,0.00107409999873,0.00392499999907,2.72848410532e-12,0,-1,True,True,True
63597.6183432,4.86721773996e-12,11551.0105451,9408.7827881,10522.175884,23088.4518189,37367.8599112,3.09260883569e-11,37367.8599112,6105.49372286,6047.20011556,0,2025-02-22,point,INCREMENTAL_LP_CERTIFIED,True,0,0,37367.8599112,0,37367.8599112,0,0,0,144,0,0.00105350000013,0.00408969999989,2.38742359215e-12,0,-1,True,True,True
63457.9952144,10959.1349822,18000.9783096,15115.7017963,1.07830411267e-12,2.92743607133e-12,37232.4159509,54140.3968775,91372.8128284,6047.20011556,5452.85637606,91,2025-02-23,point,INCREMENTAL_LP_CERTIFIED,True,0,0,37232.4159509,0,37232.4159509,0,0,0,144,0,0.00092290000066,0.00386979999894,3.29691829393e-12,0,-1,True,True,True
63564.894377,8447.05497921,20196.0012579,16387.0855184,9.30810983846e-13,2.8990143619e-12,37143.3201884,40546.6624614,77689.9826498,5452.85637606,5421.38470995,82,2025-02-24,point,INCREMENTAL_LP_CERTIFIED,True,0,0,37143.3201884,0,37143.3201884,0,0,0,144,0,0.0011087999992,0.00387459999911,4.32009983342e-12,0,-1,True,True,True
63171.496734,7205.72295498,21094.2816126,17075.7539188,200.626990476,336.741771429,36904.7517498,32825.471199,69730.2229487,5421.38470995,5433.17825148,78,2025-02-25,point,INCREMENTAL_LP_CERTIFIED,True,0,0,36904.7517498,0,36904.7517498,0,0,0,144,0,0.000883800001247,0.00359249999929,2.38742359215e-12,0,-1,True,True,True
62256.5182949,10239.3452963,18984.9094615,15303.8939037,9.85558639907e-13,2.98427949019e-12,36363.3514548,49626.7555042,85990.106959,5433.17825148,5515.27020714,87,2025-02-26,point,INCREMENTAL_LP_CERTIFIED,True,0,0,36363.3514548,0,36363.3514548,0,0,0,144,0,0.000946599999224,0.00378280000041,1.93267624127e-12,0,-1,True,True,True
61584.0370944,9796.72644208,20687.7584167,16546.7121397,3.3812952438e-12,283.133059524,35919.2305435,46851.4438039,82770.6743474,5515.27020714,5749.0170714,84,2025-02-27,point,INCREMENTAL_LP_CERTIFIED,True,0,0,35919.2305435,0,35919.2305435,0,0,0,144,0,0.000914700000067,0.00372050000078,2.6147972676e-12,0,-1,True,True,True
60750.3745168,4.89563944939e-12,12203.2614163,9560.75197143,13479.1015711,21336.1699508,35527.4366321,2.74876903461e-11,35527.4366321,5749.0170714,6108.8946,0,2025-02-28,point,INCREMENTAL_LP_CERTIFIED,True,0,0,35527.4366321,0,35527.4366321,0,0,0,144,0,0.000941500000408,0.00362720000157,2.16004991671e-12,0,-1,True,True,True
60022.8752284,2.97717406283e-12,11656.1794996,9449.28913095,11944.3507119,22212.8682146,35131.3357829,1.68496896435e-11,35131.3357829,6108.8946,6100.2460041,0,2025-03-01,point,INCREMENTAL_LP_CERTIFIED,True,0,0,35131.3357829,0,35131.3357829,0,0,0,144,0,0.000931399999899,0.00384780000059,2.16004991671e-12,0,-1,True,True,True
59431.7304748,15162.0806558,14795.0094391,12592.5964252,3.71105056407e-13,33.09105,34788.3099336,80776.852103,115565.162037,6100.2460041,5423.98069354,95,2025-03-02,point,INCREMENTAL_LP_CERTIFIED,True,0,0,34788.3099336,0,34788.3099336,0,0,0,144,0,0.00116379999963,0.00375929999973,1.81898940355e-12,0,-1,True,True,True
60313.6802065,14888.433913,16867.0812469,13720.3832655,1.09333538317e-12,38.2695047619,35153.9350824,76306.9806339,111460.915716,5423.98069354,5359.48352077,85,2025-03-03,point,INCREMENTAL_LP_CERTIFIED,True,0,0,35153.9350824,0,35153.9350824,0,0,0,144,0,0.00104920000012,0.00405010000031,2.38742359215e-12,0,-1,True,True,True
60944.0194292,11618.3540895,17971.7194554,14608.80387,8.32911322378e-13,1.98951966013e-12,35507.7146823,58865.0651906,94372.7798729,5359.48352077,5302.02673061,87,2025-03-04,point,INCREMENTAL_LP_CERTIFIED,True,0,0,35507.7146823,0,35507.7146823,0,0,0,144,0,0.00104339999962,0.00416000000041,2.84217094304e-12,0,-1,True,True,True
61497.1492889,8439.01941493,19632.3543509,15830.0280208,6.62409363472e-13,3.37035714286,35785.0554478,41925.2800617,77710.3355095,5302.02673061,5382.22562328,85,2025-03-05,point,INCREMENTAL_LP_CERTIFIED,True,0,0,35785.0554478,0,35785.0554478,0,0,0,144,0,0.000968600001215,0.00381359999847,3.06954461848e-12,0,-1,True,True,True
61020.7670049,8861.47772721,19822.4743692,15995.3510633,4.8833547619,109.583938095,35475.5240762,42502.6081887,77978.1322648,5382.22562328,5449.84026304,78,2025-03-06,point,INCREMENTAL_LP_CERTIFIED,True,0,0,35475.5240762,0,35475.5240762,0,0,0,144,0,0.00116600000001,0.00415749999956,1.70530256582e-12,0,-1,True,True,True
60807.6386743,3.56692453352e-12,12056.9039764,9174.92253333,13906.2498569,23097.121841,35262.9465086,1.95732070551e-11,35262.9465086,5449.84026304,6106.69547143,0,2025-03-07,point,INCREMENTAL_LP_CERTIFIED,True,0,0,35262.9465086,0,35262.9465086,0,0,0,144,0,0.000965200000792,0.00521079999999,1.81898940355e-12,0,-1,True,True,True
59749.5978135,2.12629913676e-12,11570.1742374,9360.62040714,15742.2472516,22734.657215,34757.5690797,1.16309637477e-11,34757.5690797,6106.69547143,6119.16294381,0,2025-03-08,point,INCREMENTAL_LP_CERTIFIED,True,0,0,34757.5690797,0,34757.5690797,0,0,0,144,0,0.000897199999599,0.0037728999996,2.50111042988e-12,0,-1,True,True,True
59071.18478,7926.94871705,20010.7668966,16769.5995472,1.9812791002e-12,423.441097619,34293.6751791,36912.8373288,71206.5125079,6119.16294381,5495.96476495,81,2025-03-09,point,INCREMENTAL_LP_CERTIFIED,True,0,0,34293.6751791,0,34293.6751791,0,0,0,144,0,0.000932599999942,0.00427160000072,2.04636307899e-12,0,-1,True,True,True
58449.1921578,12551.2741144,16406.3510458,13447.9562236,1.17515502537e-12,3.06954461848e-12,33831.4765235,64782.3826063,98613.8591298,5495.96476495,5319.50712437,86,2025-03-10,point,INCREMENTAL_LP_CERTIFIED,True,0,0,33831.4765235,0,33831.4765235,0,0,0,144,0,0.000935000000027,0.0042212999997,3.52429196937e-12,0,-1,True,True,True
58064.3407096,9865.83422031,19266.7793761,15384.3444843,101.101302381,7.71993571429,33505.1873957,47289.2489504,80794.4363462,5319.50712437,5565.89246915,79,2025-03-11,point,INCREMENTAL_LP_CERTIFIED,True,0,0,33505.1873957,0,33505.1873957,0,0,0,144,0,0.000969899998381,0.00404829999934,1.5916157281e-12,0,-1,True,True,True
56974.0747226,8866.73344748,19536.2007369,16130.9272501,1.56540069535e-12,3.28270743921e-12,32978.1904346,41476.2271623,74454.4175969,5565.89246915,5225.2206322,75,2025-03-12,point,INCREMENTAL_LP_CERTIFIED,True,0,0,32978.1904346,0,32978.1904346,0,0,0,144,0,0.00113190000047,0.0036100999987,2.04636307899e-12,0,-1,True,True,True
56780.3366501,13861.5766163,15155.6195144,12059.3242647,4.32208956125e-13,2.8990143619e-12,32880.3398687,73368.272026,106248.611895,5225.2206322,5466.02901217,95,2025-03-13,point,INCREMENTAL_LP_CERTIFIED,True,0,0,32880.3398687,0,32880.3398687,0,0,0,144,0,0.000930499998503,0.00364489999993,2.27373675443e-12,0,-1,True,True,True
56715.3544419,2.72848410532e-12,12107.5626598,9253.92752381,17553.8285115,20278.464811,32840.4624473,1.5299150391e-11,32840.4624473,5466.02901217,6080.69371286,0,2025-03-14,point,INCREMENTAL_LP_CERTIFIED,True,0,0,32840.4624473,0,32840.4624473,0,0,0,144,0,0.00096129999838,0.00383080000029,1.36424205266e-12,0,-1,True,True,True
55295.8757755,3.04822833641e-12,11725.7956063,9562.5988381,13533.0895429,18675.4643145,32184.2348066,1.7129437424e-11,32184.2348066,6080.69371286,6008.79993839,0,2025-03-15,point,INCREMENTAL_LP_CERTIFIED,True,0,0,32184.2348066,0,32184.2348066,0,0,0,144,0,0.00107939999907,0.00366439999925,2.6147972676e-12,0,-1,True,True,True
55631.1112556,10383.8959412,17156.8024725,14492.842209,1.16529008665e-12,3.09796632791e-12,32332.9990276,50213.8092971,82546.8083247,6008.79993839,5346.76415365,84,2025-03-16,point,INCREMENTAL_LP_CERTIFIED,True,0,0,32332.9990276,0,32332.9990276,0,0,0,144,0,0.000884600000063,0.0036639000009,2.38742359215e-12,0,-1,True,True,True
56354.4454823,6193.65183021,20287.9325208,16203.4980245,185.637821105,419.893561905,32617.0700441,27994.0083313,60611.0783754,5346.76415365,5602.01672839,69,2025-03-17,point,INCREMENTAL_LP_CERTIFIED,True,0,0,32617.0700441,0,32617.0700441,0,0,0,144,0,0.00125029999981,0.00372979999884,2.6147972676e-12,0,-1,True,True,True
54561.3548028,9758.4773815,17788.9205494,14596.4479913,4.15249518798e-12,1.40125952381,31748.2313378,48194.8267202,79943.0580579,5602.01672839,5393.76967698,83,2025-03-18,point,INCREMENTAL_LP_CERTIFIED,True,0,0,31748.2313378,0,31748.2313378,0,0,0,144,0,0.00104890000148,0.00419929999953,2.04636307899e-12,0,-1,True,True,True
54413.1117637,8926.40736918,19057.5473287,15305.2858269,3.51008111465e-12,121.787180952,31582.0831242,42166.9943856,73749.0775098,5393.76967698,5539.6891319,75,2025-03-19,point,INCREMENTAL_LP_CERTIFIED,True,0,0,31582.0831242,0,31582.0831242,0,0,0,144,0,0.00155129999985,0.00392660000034,2.6147972676e-12,0,-1,True,True,True
53843.1783021,11680.5141907,16833.9187762,13519.1881,3.23098492405e-12,1.44950718095e-12,31229.4098331,57806.2808788,89035.6907119,5539.6891319,5668.89591931,82,2025-03-20,point,INCREMENTAL_LP_CERTIFIED,True,0,0,31229.4098331,0,31229.4098331,0,0,0,144,0,0.00118699999985,0.00515100000121,1.25055521494e-12,0,-1,True,True,True
53004.645361,3.88311605093e-12,12444.5044547,9682.9576881,20625.4309909,17584.2030868,30791.9064067,2.15150475213e-11,30791.9064067,5668.89591931,6110.10805286,0,2025-03-21,point,INCREMENTAL_LP_CERTIFIED,True,0,0,30791.9064067,0,30791.9064067,0,0,0,144,0,0.000955800000156,0.00366399999984,2.6147972676e-12,0,-1,True,True,True
51916.2270233,3.14770431942e-12,11416.2486379,9297.79225714,16991.1935403,16925.3773688,30241.4490947,1.51920325209e-11,30241.4490947,6110.10805286,6053.8515413,0,2025-03-22,point,INCREMENTAL_LP_CERTIFIED,True,0,0,30241.4490947,0,30241.4490947,0,0,0,144,0,0.000965200000792,0.00371889999951,1.70530256582e-12,0,-1,True,True,True
51245.225288,10114.0408275,16518.9775904,13929.4315915,2.10370696557e-12,1.64845914696e-12,29892.7475207,50336.0937916,80228.8413123,6053.8515413,5443.78515989,80,2025-03-23,point,INCREMENTAL_LP_CERTIFIED,True,0,0,29892.7475207,0,29892.7475207,0,0,0,144,0,0.00101949999953,0.00373599999875,2.50111042988e-12,0,-1,True,True,True
51235.2989308,10048.5827763,18060.8515451,14783.7919213,2.74306613665e-12,8.325,29819.4514657,47766.5970902,77586.0485559,5443.78515989,5272.11608238,77,2025-03-24,point,INCREMENTAL_LP_CERTIFIED,True,0,0,29819.4514657,0,29819.4514657,0,0,0,144,0,0.000956199999564,0.00386230000004,1.25055521494e-12,0,-1,True,True,True
51470.5814604,12587.2549043,16057.8846342,12950.1729862,1.44298833407e-12,2.8990143619e-12,29873.2243806,63305.8253578,93179.0497385,5272.11608238,5335.13115741,83,2025-03-25,point,INCREMENTAL_LP_CERTIFIED,True,0,0,29873.2243806,0,29873.2243806,0,0,0,144,0,0.00102659999902,0.00399119999929,2.04636307899e-12,0,-1,True,True,True
51348.3248422,8374.82027543,18866.6052517,15224.3255079,484.814992857,3.49551428572,29828.1722772,39349.2537049,69177.4259822,5335.13115741,5399.15865291,72,2025-03-26,point,INCREMENTAL_LP_CERTIFIED,True,0,0,29828.1722772,0,29828.1722772,0,0,0,144,0,0.000987399998849,0.00390220000008,1.13686837722e-12,0,-1,True,True,True
50694.9391612,11288.5356295,16478.4123708,13211.92698,2.30548913294e-12,1.47792889038e-12,29519.0427648,56046.9751606,85566.0179254,5399.15865291,5549.81091992,81,2025-03-27,point,INCREMENTAL_LP_CERTIFIED,True,0,0,29519.0427648,0,29519.0427648,0,0,0,144,0,0.000926100001379,0.00387239999873,2.6147972676e-12,0,-1,True,True,True
50005.9527848,4.07851530326e-12,12104.0766883,9318.26951429,20401.3531988,15996.9116453,29161.533879,2.1390306415e-11,29161.533879,5549.81091992,6089.84714571,0,2025-03-28,point,INCREMENTAL_LP_CERTIFIED,True,0,0,29161.533879,0,29161.533879,0,0,0,144,0,0.00104960000135,0.00391610000042,2.6147972676e-12,0,-1,True,True,True
49249.1723965,3.9221959014e-12,11121.6971511,9015.20371429,24110.3797889,15325.0899875,28794.1307399,2.22325056143e-11,28794.1307399,6089.84714571,6082.48156579,0,2025-03-29,point,INCREMENTAL_LP_CERTIFIED,True,0,0,28794.1307399,0,28794.1307399,0,0,0,144,0,0.00116420000086,0.00451070000054,3.41060513165e-12,0,-1,True,True,True
48229.8869766,9651.05604233,16270.3943932,13766.5043577,31.4332833333,1.25055521494e-12,28340.4848542,47124.1658309,75464.6506851,6082.48156579,5429.72056675,82,2025-03-30,point,INCREMENTAL_LP_CERTIFIED,True,0,0,28340.4848542,0,28340.4848542,0,0,0,144,0,0.000907699999516,0.00374490000104,2.72848410532e-12,0,-1,True,True,True
48786.7180736,11381.1722019,14401.5749855,11500.3950481,315.320854762,2.33058017329e-12,28535.5803786,59044.4421064,87580.022485,5429.72056675,5612.92133365,77,2025-03-31,point,INCREMENTAL_LP_CERTIFIED,True,0,0,28535.5803786,0,28535.5803786,0,0,0,144,0,0.000912999999855,0.00353309999991,3.41060513165e-12,0,-1,True,True,True
48227.2621697,14126.644885,11713.0178863,9567.96234838,1.32871665059e-12,7.95807864051e-13,28283.7998661,75120.9851618,103404.785028,5612.92133365,5523.56815537,86,2025-04-01,point,INCREMENTAL_LP_CERTIFIED,True,0,0,28283.7998661,0,28283.7998661,0,0,0,144,0,0.000960599998507,0.00404639999942,2.72848410532e-12,0,-1,True,True,True
48005.3357129,14689.5639411,12201.3180105,9941.75375648,3.28144306974e-12,2.38742359215e-12,28169.3891692,78309.951286,106479.340455,5523.56815537,5458.36130206,86,2025-04-02,point,INCREMENTAL_LP_CERTIFIED,True,0,0,28169.3891692,0,28169.3891692,0,0,0,144,0,0.00101160000122,0.00365200000124,2.50111042988e-12,0,-1,True,True,True
48543.9506425,10571.4417294,17011.9267616,13760.0646563,2.37041834186e-12,2.67164068646e-12,28353.6158987,50403.0758509,78756.6917496,5458.36130206,5480.1346582,81,2025-04-03,point,INCREMENTAL_LP_CERTIFIED,True,0,0,28353.6158987,0,28353.6158987,0,0,0,144,0,0.000992799999949,0.00381930000003,2.50111042988e-12,0,-1,True,True,True
48111.9740638,3.43902684108e-12,11570.032415,8797.83580952,23057.2919255,15851.6832828,28132.0683626,2.14698445689e-11,28132.0683626,5480.1346582,6117.79071,0,2025-04-04,point,INCREMENTAL_LP_CERTIFIED,True,0,0,28132.0683626,0,28132.0683626,0,0,0,144,0,0.00104680000004,0.00370649999968,2.04636307899e-12,0,-1,True,True,True
46902.9780883,3.68061137124e-12,10515.4870806,8559.57117619,18028.4536126,14874.493588,27574.298986,2.23333742611e-11,27574.298986,6117.79071,6071.0944423,0,2025-04-05,point,INCREMENTAL_LP_CERTIFIED,True,0,0,27574.298986,0,27574.298986,0,0,0,144,0,0.00193670000044,0.00349199999982,2.50111042988e-12,0,-1,True,True,True
47395.77178,9559.88861919,16142.94323,13597.3590975,3.41593420217e-12,2.27373675443e-12,27765.9309378,45653.14097,73419.0719078,6071.0944423,5491.56657434,79,2025-04-06,point,INCREMENTAL_LP_CERTIFIED,True,0,0,27765.9309378,0,27765.9309378,0,0,0,144,0,0.00109979999979,0.00372190000053,2.84217094304e-12,0,-1,True,True,True
47897.1522396,8890.59527002,15862.9120277,13030.7465943,712.862792857,5.11590769747e-13,27970.4399696,43476.1974911,71446.6374607,5491.56657434,5289.58007233,79,2025-04-07,point,INCREMENTAL_LP_CERTIFIED,True,0,0,27970.4399696,0,27970.4399696,0,0,0,144,0,0.000946100000874,0.00378939999973,5.91171556152e-12,0,-1,True,True,True
47584.0888435,10019.3842821,17269.7180221,14019.4385132,3.32178728968e-12,9.66338120634e-13,27755.6591341,47753.8231649,75509.482299,5289.58007233,5255.1723887,79,2025-04-08,point,INCREMENTAL_LP_CERTIFIED,True,0,0,27755.6591341,0,27755.6591341,0,0,0,144,0,0.000988900001175,0.00367249999908,2.72848410532e-12,0,-1,True,True,True
47659.3603705,13976.6286057,12391.7717776,9991.43303479,101.339216667,1.70530256582e-12,27766.8865599,73430.6065688,101197.493129,5255.1723887,5306.1747277,87,2025-04-09,point,INCREMENTAL_LP_CERTIFIED,True,0,0,27766.8865599,0,27766.8865599,0,0,0,144,0,0.00103280000076,0.00387970000156,2.6147972676e-12,0,-1,True,True,True
47488.7134592,10536.3313361,16669.7078449,13127.8780329,22.5770833333,1.70530256582e-12,27707.3565329,50649.786599,78357.1431319,5306.1747277,5722.38064045,84,2025-04-10,point,INCREMENTAL_LP_CERTIFIED,True,0,0,27707.3565329,0,27707.3565329,0,0,0,144,0,0.000992499999484,0.00388019999991,2.04636307899e-12,0,-1,True,True,True
46797.9273135,2.87059265247e-12,10928.8026757,8511.63329762,23808.6681307,15255.4396381,27407.3704709,1.76151218056e-11,27407.3704709,5722.38064045,6100.93271786,0,2025-04-11,point,INCREMENTAL_LP_CERTIFIED,True,0,0,27407.3704709,0,27407.3704709,0,0,0,144,0,0.000933299999815,0.00359729999946,2.6147972676e-12,0,-1,True,True,True
46218.6444472,4.4408920985e-12,9836.52511026,7990.36897143,19987.7777712,15359.5499872,27132.977149,2.49248586215e-11,27132.977149,6100.93271786,6075.61757106,0,2025-04-12,point,INCREMENTAL_LP_CERTIFIED,True,0,0,27132.977149,0,27132.977149,0,0,0,144,0,0.0010115999994,0.00377689999914,2.38742359215e-12,0,-1,True,True,True
45803.4972046,10730.6539052,13959.3256427,11741.6246829,40.0916666667,6.25277607469e-13,26887.5020506,54388.7793529,81276.2814035,6075.61757106,5592.76100183,84,2025-04-13,point,INCREMENTAL_LP_CERTIFIED,True,0,0,26887.5020506,0,26887.5020506,0,0,0,144,0,0.00085670000044,0.0034502999988,1.47792889038e-12,0,-1,True,True,True
46181.9256246,9386.63080164,14986.2860246,12215.7453484,269.98395,5.68434188608e-13,27037.461555,46344.0828074,73381.5443624,5592.76100183,5507.36803693,81,2025-04-14,point,INCREMENTAL_LP_CERTIFIED,True,0,0,27037.461555,0,27037.461555,0,0,0,144,0,0.00096239999948,0.0039369999995,1.81898940355e-12,0,-1,True,True,True
46163.8958101,8636.17391155,15591.3667887,12552.3696575,1621.64375714,1.08002495836e-12,26990.5524821,42554.3490567,69544.9015389,5507.36803693,5592.52074955,77,2025-04-15,point,INCREMENTAL_LP_CERTIFIED,True,0,0,26990.5524821,0,26990.5524821,0,0,0,144,0,0.00102340000012,0.00376310000138,2.16004991671e-12,0,-1,True,True,True
45560.9522505,12380.3489386,12559.8962362,10437.5832471,39.39625,1.65658396831e-12,26662.3190795,63106.0286086,89768.3476881,5592.52074955,5299.11264315,87,2025-04-16,point,INCREMENTAL_LP_CERTIFIED,True,0,0,26662.3190795,0,26662.3190795,0,0,0,144,0,0.00101129999894,0.00373179999951,2.16004991671e-12,0,-1,True,True,True
45651.1871162,11243.8683336,14209.7405019,11096.2044235,913.177021429,7.38964445191e-13,26648.4550551,57049.7194186,83698.1744737,5299.11264315,5758.76306873,85,2025-04-17,point,INCREMENTAL_LP_CERTIFIED,True,0,0,26648.4550551,0,26648.4550551,0,0,0,144,0,0.000890000001164,0.00373409999884,2.38742359215e-12,0,-1,True,True,True
44919.8285329,4.64694949187e-12,10301.1983816,8003.43559286,21182.6116478,15085.3369131,26287.0751729,2.6997184932e-11,26287.0751729,5758.76306873,6137.13539786,0,2025-04-18,point,INCREMENTAL_LP_CERTIFIED,True,0,0,26287.0751729,0,26287.0751729,0,0,0,144,0,0.00103130000025,0.00366609999946,2.27373675443e-12,0,-1,True,True,True
44326.5224035,3.52429196937e-12,9844.89101205,8050.81899524,20562.2070934,15185.5640433,26007.2978046,1.98180885036e-11,26007.2978046,6137.13539786,6052.18286955,0,2025-04-19,point,INCREMENTAL_LP_CERTIFIED,True,0,0,26007.2978046,0,26007.2978046,0,0,0,144,0,0.000963700000284,0.00372889999926,2.16004991671e-12,0,-1,True,True,True
44439.3949596,10222.4711234,14174.1341596,12103.46356,633.4506,1.42108547152e-12,25990.2681207,50572.0955844,76562.3637051,6052.18286955,5360.61076881,82,2025-04-20,point,INCREMENTAL_LP_CERTIFIED,True,0,0,25990.2681207,0,25990.2681207,0,0,0,144,0,0.000958200000241,0.00388609999936,1.36424205266e-12,0,-1,True,True,True
45064.1771692,7125.48360962,17109.7241859,13928.6640547,491.690264286,1.08002495836e-12,26180.7551934,31680.6955709,57861.4507643,5360.61076881,5283.06914201,75,2025-04-21,point,INCREMENTAL_LP_CERTIFIED,True,0,0,26180.7551934,0,26180.7551934,0,0,0,144,0,0.00101829999949,0.00428319999992,9.09494701773e-13,0,-1,True,True,True
45000.2029708,10781.1800132,13489.5742065,10933.4794606,1072.35892143,1.70530256582e-13,26130.8277663,54248.9719014,80379.7996677,5283.06914201,5275.37541608,85,2025-04-22,point,INCREMENTAL_LP_CERTIFIED,True,0,0,26130.8277663,0,26130.8277663,0,0,0,144,0,0.000949399998717,0.00357489999988,1.36424205266e-12,0,-1,True,True,True
44953.1613019,10522.4336046,13191.6313853,10511.0950525,1395.14185714,7.95807864051e-13,26039.6033974,53516.9820001,79556.5853975,5275.37541608,5468.84916003,81,2025-04-23,point,INCREMENTAL_LP_CERTIFIED,True,0,0,26039.6033974,0,26039.6033974,0,0,0,144,0,0.000916000000871,0.00365969999984,1.36424205266e-12,0,-1,True,True,True
44456.5659797,7378.18300962,16468.5506726,13136.0449237,1412.13654048,3.41060513165e-13,25752.2227765,34932.5923292,60684.8151056,5468.84916003,5694.93929455,72,2025-04-24,point,INCREMENTAL_LP_CERTIFIED,True,0,0,25752.2227765,0,25752.2227765,0,0,0,144,0,0.000950300000113,0.00391090000085,1.36424205266e-12,0,-1,True,True,True
43882.7473663,2.28794760915e-12,9998.56704638,7767.4321381,24736.795772,14914.459036,25427.6661101,1.37472540018e-11,25427.6661101,5694.93929455,6063.16948286,0,2025-04-25,point,INCREMENTAL_LP_CERTIFIED,True,0,0,25427.6661101,0,25427.6661101,0,0,0,144,0,0.000997200000711,0.00376789999973,2.16004991671e-12,0,-1,True,True,True
43206.7789756,3.47455397787e-12,9480.43128101,7677.67186905,27145.2851475,14188.5407828,25087.8959946,2.03840428981e-11,25087.8959946,6063.16948286,6064.8111146,0,2025-04-26,point,INCREMENTAL_LP_CERTIFIED,True,0,0,25087.8959946,0,25087.8959946,0,0,0,144,0,0.000953099999606,0.00362750000022,2.04636307899e-12,0,-1,True,True,True
42954.7601708,10263.6057026,14330.589297,12170.9598426,2464.70162857,20.5636071429,24998.7743096,49212.3074226,74211.0817322,6064.8111146,5439.05276791,81,2025-04-27,point,INCREMENTAL_LP_CERTIFIED,True,0,0,24998.7743096,0,24998.7743096,0,0,0,144,0,0.000967699999819,0.00352039999962,7.95807864051e-13,0,-1,True,True,True
43564.8706238,15461.9965297,9544.31927616,7680.33939412,537.748530952,3.17142380952,25260.454058,81792.3997541,107052.853812,5439.05276791,5495.22967854,94,2025-04-28,point,INCREMENTAL_LP_CERTIFIED,True,0,0,25260.454058,0,25260.454058,0,0,0,144,0,0.000953499999014,0.00348099999974,1.93267624127e-12,0,-1,True,True,True
43473.9813971,9244.76764112,14468.2326114,11695.6829398,2512.98565,1.3073986338e-12,25237.5560731,44381.1830188,69618.7390919,5495.22967854,5521.43576235,79,2025-04-29,point,INCREMENTAL_LP_CERTIFIED,True,0,0,25237.5560731,0,25237.5560731,0,0,0,144,0,0.000972400001046,0.00376670000151,1.81898940355e-12,0,-1,True,True,True
43256.2979977,9248.85763781,12665.3391334,10429.9207765,2012.88284524,1.3073986338e-12,25188.4096211,47199.0373921,72387.4470133,5521.43576235,5331.44011966,80,2025-04-30,point,INCREMENTAL_LP_CERTIFIED,True,0,0,25188.4096211,0,25188.4096211,0,0,0,144,0,0.00101259999974,0.00353150000046,2.50111042988e-12,0,-1,True,True,True
43244.3767341,12711.6691699,14192.4241031,11932.7656468,2679.30343333,5.70521428571,25154.2969523,62702.7857184,87857.0826707,5331.44011966,4845.99331608,82,2025-05-01,point,INCREMENTAL_LP_CERTIFIED,True,0,0,25154.2969523,0,25154.2969523,0,0,0,144,0,0.00176780000038,0.00456800000029,1.81898940355e-12,0,-1,True,True,True
44345.127397,2.63344901441e-12,12117.9524184,8718.19435714,15059.5274305,11595.5218219,25862.0857564,1.5188438951e-11,25862.0857564,4845.99331608,6065.26787357,0,2025-05-02,point,INCREMENTAL_LP_CERTIFIED,True,0,0,25862.0857564,0,25862.0857564,0,0,0,144,0,0.000950100000409,0.00381879999986,2.6147972676e-12,0,-1,True,True,True
43799.5060989,4.32009983342e-12,10535.3888281,8557.0449381,20149.8152232,12804.1753357,25948.4026564,2.50752663078e-11,25948.4026564,6065.26787357,6039.29010987,0,2025-05-03,point,INCREMENTAL_LP_CERTIFIED,True,0,0,25948.4026564,0,25948.4026564,0,0,0,144,0,0.00095059999876,0.00366660000145,1.25055521494e-12,0,-1,True,True,True
44333.7395123,10157.7261201,12345.870079,10867.8002442,1278.15060714,0.577857142855,26379.5385011,52471.112126,78850.6506271,6039.29010987,5075.23957627,78,2025-05-04,point,INCREMENTAL_LP_CERTIFIED,True,0,0,26379.5385011,0,26379.5385011,0,0,0,144,0,0.00123300000087,0.00359290000051,2.50111042988e-12,0,-1,True,True,True
45461.5431806,12422.2014083,13449.277683,10828.1168774,186.576983333,1.09423581307e-12,26997.3429002,62099.012863,89096.3557632,5075.23957627,5148.34851603,86,2025-05-05,point,INCREMENTAL_LP_CERTIFIED,True,0,0,26997.3429002,0,26997.3429002,0,0,0,144,0,0.00104719999945,0.00418939999872,1.25055521494e-12,0,-1,True,True,True
45863.778019,10238.0998507,15573.6938738,12688.8140565,346.915685714,1.36424205266e-12,27337.4877737,47736.1948123,75073.682586,5148.34851603,5065.99071749,84,2025-05-06,point,INCREMENTAL_LP_CERTIFIED,True,0,0,27337.4877737,0,27337.4877737,0,0,0,144,0,0.00116239999988,0.00418890000037,9.09494701773e-13,0,-1,True,True,True
46621.8487107,12161.7580234,14206.7278131,11273.182529,782.2155,1.36424205266e-12,27798.7883467,59633.5738248,87432.3621715,5065.99071749,5326.28738373,85,2025-05-07,point,INCREMENTAL_LP_CERTIFIED,True,0,0,27798.7883467,0,27798.7883467,0,0,0,144,0,0.000978000000032,0.0038857999989,2.04636307899e-12,0,-1,True,True,True
47134.6443566,11858.153273,11715.9237066,9213.94306038,664.304583333,6.25277607469e-13,28322.9054664,62905.6381267,91228.5435931,5326.28738373,5632.90420817,84,2025-05-08,point,INCREMENTAL_LP_CERTIFIED,True,0,0,28322.9054664,0,28322.9054664,0,0,0,144,0,0.000995799999146,0.00389809999979,2.27373675443e-12,0,-1,True,True,True
46563.2668464,2.59348098552e-12,10572.9342384,8094.25195,20351.0586352,15234.1400727,28016.9603851,1.44536755897e-11,28016.9603851,5632.90420817,6154.931745,0,2025-05-09,point,INCREMENTAL_LP_CERTIFIED,True,0,0,28016.9603851,0,28016.9603851,0,0,0,144,0,0.00103610000042,0.00369140000112,2.50111042988e-12,0,-1,True,True,True
45697.1867828,1.82076576039e-12,9665.86011358,7876.29151667,17006.5151619,14780.0577407,27584.827707,1.02189643414e-11,27584.827707,6154.931745,6102.7708287,0,2025-05-10,point,INCREMENTAL_LP_CERTIFIED,True,0,0,27584.827707,0,27584.827707,0,0,0,144,0,0.0010618999986,0.0036469000006,3.41060513165e-12,0,-1,True,True,True
45836.9547275,11257.3691608,11735.8433728,10162.2360796,20.1158333333,16.5216785714,27606.4040709,58450.1927288,86056.5967997,6102.7708287,5373.65644238,90,2025-05-11,point,INCREMENTAL_LP_CERTIFIED,True,0,0,27606.4040709,0,27606.4040709,0,0,0,144,0,0.000926400000026,0.00360189999992,1.70530256582e-12,0,-1,True,True,True
46777.5729685,8886.9542355,13002.2164542,10318.8890978,1036.01052857,13.9940857143,28007.0724196,46257.2767125,74264.3491321,5373.65644238,5610.21892024,71,2025-05-12,point,INCREMENTAL_LP_CERTIFIED,True,0,0,28007.0724196,0,28007.0724196,0,0,0,144,0,0.000918899999306,0.00366540000141,1.93267624127e-12,0,-1,True,True,True
45976.4907647,9775.51919379,12847.8349909,10393.2876562,158.3203,9.92955714286,27656.0042092,50756.2077736,78412.2119828,5610.21892024,5625.17301624,84,2025-05-13,point,INCREMENTAL_LP_CERTIFIED,True,0,0,27656.0042092,0,27656.0042092,0,0,0,144,0,0.000975900000412,0.00364830000035,3.75166564481e-12,0,-1,True,True,True
45566.011016,9768.38001607,12692.3336684,10588.172103,216.080683333,0,27441.9424841,49764.4818775,77206.4243616,5625.17301624,5283.6376478,81,2025-05-14,point,INCREMENTAL_LP_CERTIFIED,True,0,0,27441.9424841,0,27441.9424841,0,0,0,144,0,0.000910799999474,0.00355099999979,7.95807864051e-13,0,-1,True,True,True
45584.5864753,10285.989123,13944.8619372,11021.4735866,166.511283333,15.6176809524,27341.2809661,49148.6559288,76489.936895,5283.6376478,5587.93162841,86,2025-05-15,point,INCREMENTAL_LP_CERTIFIED,True,0,0,27341.2809661,0,27341.2809661,0,0,0,144,0,0.000946300000578,0.00345780000134,2.27373675443e-12,0,-1,True,True,True
45244.2911751,2.1778134851e-12,9486.04702587,7270.62696667,25414.7337261,14898.6308564,27175.7258678,1.25800667661e-11,27175.7258678,5587.93162841,6046.89954429,0,2025-05-16,point,INCREMENTAL_LP_CERTIFIED,True,0,0,27175.7258678,0,27175.7258678,0,0,0,144,0,0.0010338000011,0.00342999999884,2.72848410532e-12,0,-1,True,True,True
44362.254054,2.54657406273e-12,9370.40543821,7593.79156429,18411.1711099,13725.6699868,26757.9882755,1.38287979401e-11,26757.9882755,6046.89954429,6042.71825614,0,2025-05-17,point,INCREMENTAL_LP_CERTIFIED,True,0,0,26757.9882755,0,26757.9882755,0,0,0,144,0,0.000926799999434,0.00345500000003,2.38742359215e-12,0,-1,True,True,True
44089.2760004,11618.8290607,10946.0203714,9457.90990314,543.826492857,6.25277607469e-13,26628.7760632,59322.0459118,85950.821975,6042.71825614,5385.34780915,86,2025-05-18,point,INCREMENTAL_LP_CERTIFIED,True,0,0,26628.7760632,0,26628.7760632,0,0,0,144,0,0.00102040000093,0.00355180000042,1.13686837722e-12,0,-1,True,True,True
44662.6241419,6611.10060417,16087.6032538,12978.944922,630.95367381,18.8961904762,26744.1017127,29895.4938918,56639.5956045,5385.34780915,5443.14082423,78,2025-05-19,point,INCREMENTAL_LP_CERTIFIED,True,0,0,26744.1017127,0,26744.1017127,0,0,0,144,0,0.000987299999906,0.00433720000001,2.21689333557e-12,0,-1,True,True,True
44572.7670949,12694.3686674,9973.67278539,8183.66834924,942.4521,7.28440952381,26628.2157025,67714.4949225,94342.710625,5443.14082423,5326.4814986,86,2025-05-20,point,INCREMENTAL_LP_CERTIFIED,True,0,0,26628.2157025,0,26628.2157025,0,0,0,144,0,0.000959799999691,0.00365440000132,2.38742359215e-12,0,-1,True,True,True
44679.6668382,9568.34247936,13925.0041382,11273.1397754,210.36205,23.1676214286,26677.9518028,45934.9691414,72612.9209442,5326.4814986,5333.27436146,83,2025-05-21,point,INCREMENTAL_LP_CERTIFIED,True,0,0,26677.9518028,0,26677.9518028,0,0,0,144,0,0.000939800000197,0.00376610000058,2.50111042988e-12,0,-1,True,True,True
44523.4816655,9922.9143239,13098.316975,10260.5311761,759.996797619,31.9825761905,26649.3680595,49662.0011273,76311.3691868,5333.27436146,5721.16944331,82,2025-05-22,point,INCREMENTAL_LP_CERTIFIED,True,0,0,26649.3680595,0,26649.3680595,0,0,0,144,0,0.000935500000196,0.00405709999905,2.04636307899e-12,0,-1,True,True,True
43881.4062463,2.77111666946e-12,9628.51278319,7414.5874085,20925.1915339,14321.3404543,26373.4696574,1.55156065773e-11,26373.4696574,5721.16944331,6148.40049429,0,2025-05-23,point,INCREMENTAL_LP_CERTIFIED,True,0,0,26373.4696574,0,26373.4696574,0,0,0,144,0,0.000949400000536,0.00428780000038,3.41060513165e-12,0,-1,True,True,True
43586.5590932,2.09077199997e-12,9495.30365741,7754.56542105,23624.9773229,14466.3421507,26283.7718108,1.25872929857e-11,26283.7718108,6148.40049429,6077.98998479,0,2025-05-24,point,INCREMENTAL_LP_CERTIFIED,True,0,0,26283.7718108,0,26283.7718108,0,0,0,144,0,0.000924399999349,0.00408839999909,1.47792889038e-12,0,-1,True,True,True
43479.4393565,8420.32857262,14038.8157976,11811.8552327,1109.5098,18.2873809524,26127.2936538,39992.4609943,66119.7546481,6077.98998479,5588.64061071,80,2025-05-25,point,INCREMENTAL_LP_CERTIFIED,True,0,0,26127.2936538,0,26127.2936538,0,0,0,144,0,0.000912100000278,0.00380229999973,1.81898940355e-12,0,-1,True,True,True
43729.1023837,13151.2517599,9906.8286619,8068.97169214,447.691366667,14.9728571429,26285.7645008,69191.8868553,95477.6513562,5588.64061071,5539.26230405,87,2025-05-26,point,INCREMENTAL_LP_CERTIFIED,True,0,0,26285.7645008,0,26285.7645008,0,0,0,144,0,0.000878000000739,0.00356430000102,2.38742359215e-12,0,-1,True,True,True
43848.7623621,8623.34287767,13239.8211286,10889.4066365,730.157733333,1.16571428568,26353.7286738,42487.1323361,68840.8610099,5539.26230405,5355.76061259,80,2025-05-27,point,INCREMENTAL_LP_CERTIFIED,True,0,0,26353.7286738,0,26353.7286738,0,0,0,144,0,0.000923100000364,0.0036242999995,2.27373675443e-12,0,-1,True,True,True
43875.6450745,11000.0098769,12169.883453,9850.79454217,274.097416667,8.64452380952,26308.7368331,55127.8621107,81436.5989438,5355.76061259,5363.32845124,87,2025-05-28,point,INCREMENTAL_LP_CERTIFIED,True,0,0,26308.7368331,0,26308.7368331,0,0,0,144,0,0.000901999999769,0.00353410000025,2.16004991671e-12,0,-1,True,True,True
43934.8266745,13206.1754197,11546.6411436,9019.78475888,484.4023,19.6199095238,26261.2617299,67274.2484278,93535.5101577,5363.32845124,5733.32241505,87,2025-05-29,point,INCREMENTAL_LP_CERTIFIED,True,0,0,26261.2617299,0,26261.2617299,0,0,0,144,0,0.000959400000283,0.00369130000036,9.09494701773e-13,0,-1,True,True,True
43793.7714221,1.17950094136e-12,9734.53453072,7534.14665,20779.4864739,14217.6638008,26250.4126676,7.29595228677e-12,26250.4126676,5733.32241505,6123.12943714,0,2025-05-30,point,INCREMENTAL_LP_CERTIFIED,True,0,0,26250.4126676,0,26250.4126676,0,0,0,144,0,0.000967099998888,0.00360089999958,2.16004991671e-12,0,-1,True,True,True
43525.1508137,2.64321897703e-12,9616.81917205,7953.47001486,19186.1377685,14286.482338,26148.5704429,1.44609018093e-11,26148.5704429,6123.12943714,5941.07778659,0,2025-05-31,point,INCREMENTAL_LP_CERTIFIED,True,0,0,26148.5704429,0,26148.5704429,0,0,0,144,0,0.000951300000452,0.00356450000072,2.16004991671e-12,0,-1,True,True,True
43821.9036981,26697.924045,4876.56790238,5581.56645931,1.99659733191e-13,6.8212102633e-13,26297.8771349,136734.2773,163032.154435,5941.07778659,4128.24838839,119,2025-06-01,point,INCREMENTAL_LP_CERTIFIED,True,0,0,26297.8771349,0,26297.8771349,0,0,0,144,0,0.00103499999932,0.00372659999994,7.95807864051e-13,0,-1,True,True,True
47523.3044081,23259.3711221,10674.6626128,8532.79453262,1.56951621838e-12,1.46371803567e-12,28217.1559364,115129.263496,143346.419432,4128.24838839,4254.56192593,101,2025-06-02,point,INCREMENTAL_LP_CERTIFIED,True,0,0,28217.1559364,0,28217.1559364,0,0,0,144,0,0.000925399999687,0.00339359999998,1.5916157281e-12,0,-1,True,True,True
49431.676008,21029.7004217,10517.2990628,8248.28946643,1.41042733048e-12,1.76214598469e-12,29503.6679528,106847.93275,136351.600703,4254.56192593,4555.3650086,98,2025-06-03,point,INCREMENTAL_LP_CERTIFIED,True,0,0,29503.6679528,0,29503.6679528,0,0,0,144,0,0.000964500000919,0.00377410000146,2.04636307899e-12,0,-1,True,True,True
51875.0456816,19712.0359074,10036.4709435,8094.65017114,9.63457612302e-13,1.5916157281e-12,30995.3915471,99739.0244103,130734.415957,4555.3650086,4594.13311201,100,2025-06-04,point,INCREMENTAL_LP_CERTIFIED,True,0,0,30995.3915471,0,30995.3915471,0,0,0,144,0,0.000903399999515,0.00368690000141,2.6147972676e-12,0,-1,True,True,True
54354.6932691,19294.1389559,11631.8043762,9132.29016793,1.93110805125e-12,1.70530256582e-12,32472.1290152,96191.9024355,128664.031451,4594.13311201,4915.76797516,94,2025-06-05,point,INCREMENTAL_LP_CERTIFIED,True,0,0,32472.1290152,0,32472.1290152,0,0,0,144,0,0.000973899999735,0.0037515999993,2.16004991671e-12,0,-1,True,True,True
56498.9473392,5.44275735592e-12,12152.2678445,8812.85168333,10351.253332,11953.282446,33811.5902244,2.52616132457e-11,33811.5902244,4915.76797516,6060.75160929,0,2025-06-06,point,INCREMENTAL_LP_CERTIFIED,True,0,0,33811.5902244,0,33811.5902244,0,0,0,144,0,0.000919800000702,0.00379320000138,1.81898940355e-12,0,-1,True,True,True
58790.8256775,3.72324393538e-12,10883.7863592,8848.18431667,9576.62142381,16052.0890446,35371.924319,1.73736509623e-11,35371.924319,6060.75160929,6024.84342513,0,2025-06-07,point,INCREMENTAL_LP_CERTIFIED,True,0,0,35371.924319,0,35371.924319,0,0,0,144,0,0.000971100000243,0.00384200000008,2.38742359215e-12,0,-1,True,True,True
62093.3273479,6963.37134714,15799.1792066,13387.58336,1448.91334597,11.2662357143,37436.2428429,32349.83644,69786.0792828,6024.84342513,5369.01208889,80,2025-06-08,point,INCREMENTAL_LP_CERTIFIED,True,0,0,37436.2428429,0,37436.2428429,0,0,0,144,0,0.00116739999976,0.00401899999997,2.38742359215e-12,0,-1,True,True,True
62036.6613531,12084.6766193,15936.465271,12809.1213461,7.49955653134e-13,61.2813142857,37324.4351257,59027.4766173,96351.911743,5369.01208889,5479.47378148,91,2025-06-09,point,INCREMENTAL_LP_CERTIFIED,True,0,0,37324.4351257,0,37324.4351257,0,0,0,144,0,0.000981400000455,0.00356420000026,1.81898940355e-12,0,-1,True,True,True
62186.0595066,12199.1150552,15222.616119,12455.8857906,1.4470646903e-12,3.70903308067e-12,37449.8659443,60048.6319858,97498.4979301,5479.47378148,5339.95518796,88,2025-06-10,point,INCREMENTAL_LP_CERTIFIED,True,0,0,37449.8659443,0,37449.8659443,0,0,0,144,0,0.00100150000071,0.00376040000083,2.27373675443e-12,0,-1,True,True,True
62823.7263999,16230.7241497,15042.7936265,12104.7847865,3.69482222595e-13,31.9953928571,37814.0048214,79329.6089804,117143.613802,5339.95518796,5428.70857799,102,2025-06-11,point,INCREMENTAL_LP_CERTIFIED,True,0,0,37814.0048214,0,37814.0048214,0,0,0,144,0,0.000944900000832,0.00415590000011,3.06954461848e-12,0,-1,True,True,True
63705.5156236,12134.1630935,16043.9095427,12683.7558922,8.33569324676e-14,27.1336333333,38378.3004896,59513.3465788,97891.6470684,5428.70857799,5775.16506397,96,2025-06-12,point,INCREMENTAL_LP_CERTIFIED,True,0,0,38378.3004896,0,38378.3004896,0,0,0,144,0,0.00105590000021,0.00353699999869,1.25055521494e-12,0,-1,True,True,True
63519.6320109,1.58539847916e-12,10625.7555891,8282.26805,12286.1433973,20544.6873745,38365.8298375,6.92166457483e-12,38365.8298375,5775.16506397,6135.82503857,0,2025-06-13,point,INCREMENTAL_LP_CERTIFIED,True,0,0,38365.8298375,0,38365.8298375,0,0,0,144,0,0.00104950000059,0.00367100000039,1.25055521494e-12,0,-1,True,True,True
62760.461913,2.32347474594e-12,9846.9902704,8013.66047143,14531.6321091,20202.1572549,37928.5515791,1.15016689506e-11,37928.5515791,6135.82503857,6094.04909146,0,2025-06-14,point,INCREMENTAL_LP_CERTIFIED,True,0,0,37928.5515791,0,37928.5515791,0,0,0,144,0,0.000914099999136,0.00369420000061,2.38742359215e-12,0,-1,True,True,True
62013.9936063,10739.5880438,14499.3715015,12372.7641848,8.52026782461e-13,4.06430444855e-12,37552.3569154,54595.2461571,92147.6030726,6094.04909146,5395.96768196,97,2025-06-15,point,INCREMENTAL_LP_CERTIFIED,True,0,0,37552.3569154,0,37552.3569154,0,0,0,144,0,0.00102340000012,0.00392090000059,3.97903932026e-12,0,-1,True,True,True
63657.5456869,12444.2275862,16331.3526393,12949.2569234,1.80644388337e-12,25.6247404762,38278.8961191,59591.0564792,97869.9525983,5395.96768196,5706.12180913,96,2025-06-16,point,INCREMENTAL_LP_CERTIFIED,True,0,0,38278.8961191,0,38278.8961191,0,0,0,144,0,0.00097199999982,0.0039770000003,1.81898940355e-12,0,-1,True,True,True
63605.0690836,13585.752701,15571.259086,13017.448518,5.74609804183e-13,3.60955709766e-12,38239.5993237,65528.141646,103767.74097,5706.12180913,5256.42329981,100,2025-06-17,point,INCREMENTAL_LP_CERTIFIED,True,0,0,38239.5993237,0,38239.5993237,0,0,0,144,0,0.000968399999692,0.00419350000084,2.38742359215e-12,0,-1,True,True,True
64568.1713429,9707.71270064,16847.6323834,13516.0857375,7.02861380208e-13,15.946497619,38714.7026702,46753.9605388,85468.6632089,5256.42329981,5401.41940323,93,2025-06-18,point,INCREMENTAL_LP_CERTIFIED,True,0,0,38714.7026702,0,38714.7026702,0,0,0,144,0,0.00112059999992,0.00427690000106,2.72848410532e-12,0,-1,True,True,True
63571.9238146,8664.4838955,18503.4564456,14624.3430235,1.45539136298e-12,97.7900880952,38160.2900762,39161.6687353,77321.9588115,5401.41940323,5805.2601781,90,2025-06-19,point,INCREMENTAL_LP_CERTIFIED,True,0,0,38160.2900762,0,38160.2900762,0,0,0,144,0,0.000888599999598,0.00367429999824,2.72848410532e-12,0,-1,True,True,True
62479.2752305,1.98951966013e-12,9613.67594915,7541.92591667,16819.2584008,21187.6859472,37587.9641842,1.09498330403e-11,37587.9641842,5805.2601781,6077.65084714,0,2025-06-20,point,INCREMENTAL_LP_CERTIFIED,True,0,0,37587.9641842,0,37587.9641842,0,0,0,144,0,0.000959599999987,0.00371280000036,1.93267624127e-12,0,-1,True,True,True
61229.2081223,3.22941673403e-12,9786.37991123,7894.61675238,19327.6646975,20675.0398659,36912.3005147,1.6760147048e-11,36912.3005147,6077.65084714,6113.59637571,0,2025-06-21,point,INCREMENTAL_LP_CERTIFIED,True,0,0,36912.3005147,0,36912.3005147,0,0,0,144,0,0.00101870000071,0.00399980000111,1.13686837722e-12,0,-1,True,True,True
60274.0616974,9408.62903452,14997.3529575,12772.0033256,1.4381829061e-12,3.80850906367e-12,36299.7965288,45819.994406,82119.7909349,6113.59637571,5420.09923122,87,2025-06-22,point,INCREMENTAL_LP_CERTIFIED,True,0,0,36299.7965288,0,36299.7965288,0,0,0,144,0,0.00106210000013,0.00424419999945,2.6147972676e-12,0,-1,True,True,True
60617.01533,9779.42297993,17300.7172942,13999.7016605,2.80930834151e-12,34.1366761905,36380.2549095,47078.8010104,83459.0559199,5420.09923122,5435.52072876,81,2025-06-23,point,INCREMENTAL_LP_CERTIFIED,True,0,0,36380.2549095,0,36380.2549095,0,0,0,144,0,0.000943700000789,0.00373059999947,1.70530256582e-12,0,-1,True,True,True
59746.1822139,18976.977406,13128.4393234,10674.0719536,7.94919685632e-14,4.06430444855e-12,35945.3712116,93560.8513478,129506.222559,5435.52072876,5391.03617143,108,2025-06-24,point,INCREMENTAL_LP_CERTIFIED,True,0,0,35945.3712116,0,35945.3712116,0,0,0,144,0,0.00104509999983,0.00380299999961,2.27373675443e-12,0,-1,True,True,True
60060.1927425,13083.825448,14301.7851449,11595.188321,3.0703217746e-13,3.75166564481e-12,36049.9548436,65057.6492401,101107.604084,5391.03617143,5379.10022286,101,2025-06-25,point,INCREMENTAL_LP_CERTIFIED,True,0,0,36049.9548436,0,36049.9548436,0,0,0,144,0,0.000982199999271,0.00369190000129,2.04636307899e-12,0,-1,True,True,True
60031.1662068,10754.778301,16162.0601949,12923.4995205,4.09128286805e-12,4.59010607301e-12,35968.9547308,52676.428687,88645.3834178,5379.10022286,5565.51048667,92,2025-06-26,point,INCREMENTAL_LP_CERTIFIED,True,0,0,35968.9547308,0,35968.9547308,0,0,0,144,0,0.000943400000324,0.00378850000016,1.13686837722e-12,0,-1,True,True,True
59722.6871941,4.24904555985e-12,10779.5796529,8236.57682381,18133.9992798,19274.0392185,35741.7723812,2.27825012189e-11,35741.7723812,5565.51048667,6115.38014786,0,2025-06-27,point,INCREMENTAL_LP_CERTIFIED,True,0,0,35741.7723812,0,35741.7723812,0,0,0,144,0,0.000952299998971,0.0037568000007,2.27373675443e-12,0,-1,True,True,True
58760.078528,3.44968498212e-12,9938.05662378,8122.78524524,16573.7994755,18594.0815573,35275.3967422,1.74783210127e-11,35275.3967422,6115.38014786,6034.31417011,0,2025-06-28,point,INCREMENTAL_LP_CERTIFIED,True,0,0,35275.3967422,0,35275.3967422,0,0,0,144,0,0.00102300000071,0.0039211000003,1.81898940355e-12,0,-1,True,True,True
59222.8674517,12489.0884648,14379.1475991,11985.757835,2.24276153205e-12,50.7976190476,35523.6154357,60672.2500515,96195.8654872,6034.31417011,5658.03830376,96,2025-06-29,point,INCREMENTAL_LP_CERTIFIED,True,0,0,35523.6154357,0,35523.6154357,0,0,0,144,0,0.00134230000003,0.00359540000136,4.54747350886e-12,0,-1,True,True,True
59871.0457944,12369.3626748,14759.3489548,12396.624469,9.66338120634e-13,4.94537744089e-12,35838.6977186,60757.6956517,96596.3933703,5658.03830376,5167.42517534,95,2025-06-30,point,INCREMENTAL_LP_CERTIFIED,True,0,0,35838.6977186,0,35838.6977186,0,0,0,144,0,0.00114989999929,0.00402190000023,2.95585778076e-12,0,-1,True,True,True
60832.7867944,19601.3143988,13990.649421,12423.0922611,1.44695366799e-12,3.12638803734e-12,36218.2232115,90596.7802643,126815.003476,5167.42517534,3955.57380852,93,2025-07-01,point,INCREMENTAL_LP_CERTIFIED,True,0,0,36218.2232115,0,36218.2232115,0,0,0,144,0,0.00196150000011,0.00390680000055,1.36424205266e-12,0,-1,True,True,True
62575.4970478,13844.8696168,17626.0710396,14129.3121869,4.17665901864e-12,18.8414452381,37189.1759603,60693.4402966,97882.6162569,3955.57380852,4119.80198095,83,2025-07-02,point,INCREMENTAL_LP_CERTIFIED,True,0,0,37189.1759603,0,37189.1759603,0,0,0,144,0,0.00102489999881,0.00380309999855,1.81898940355e-12,0,-1,True,True,True
62746.4713241,20181.8618053,14332.0056243,11164.0914281,1.45913836569e-12,2.7142732506e-12,37554.7706238,96523.7982975,134078.568921,4119.80198095,4614.06101153,97,2025-07-03,point,INCREMENTAL_LP_CERTIFIED,True,0,0,37554.7706238,0,37554.7706238,0,0,0,144,0,0.000929399999222,0.00384100000156,1.81898940355e-12,0,-1,True,True,True
63959.5304457,7.63572142857,13283.5395544,9490.1762119,17875.6097737,13417.3255844,38528.2090496,16.4587975393,38544.6678472,4614.06101153,6024.606375,1,2025-07-04,point,INCREMENTAL_LP_CERTIFIED,True,0,0,38528.2090496,0,38528.2090496,0,0,0,144,0,0.000924899999518,0.00371749999977,1.70530256582e-12,0,-1,True,True,True
63731.1046501,2.18847162614e-12,11408.8409716,9288.10833095,18450.6080255,14369.6840173,38841.6804801,1.12206208769e-11,38841.6804801,6024.606375,5972.44288169,0,2025-07-05,point,INCREMENTAL_LP_CERTIFIED,True,0,0,38841.6804801,0,38841.6804801,0,0,0,144,0,0.00101260000156,0.00392259999899,1.70530256582e-12,0,-1,True,True,True
64762.1923315,16821.4497804,13923.4830683,12133.8225064,1.39266376209e-12,2.31636931858e-12,39687.7268456,81498.5613346,121186.28818,5972.44288169,5021.55263598,97,2025-07-06,point,INCREMENTAL_LP_CERTIFIED,True,0,0,39687.7268456,0,39687.7268456,0,0,0,144,0,0.000912800000151,0.00379070000054,2.16004991671e-12,0,-1,True,True,True
67345.971551,9341.6370144,16341.8104106,13063.6846118,4.00746102969e-12,3.01270119962e-12,41288.9860917,45026.1953034,86315.1813951,5021.55263598,5213.97688127,79,2025-07-07,point,INCREMENTAL_LP_CERTIFIED,True,0,0,41288.9860917,0,41288.9860917,0,0,0,144,0,0.000902899999346,0.0039596000006,1.5916157281e-12,0,-1,True,True,True
67569.2388447,11632.7725899,17288.3760304,13801.7113625,2.10320649785e-12,143.95975,41702.2024867,54774.8072638,96477.0097505,5213.97688127,5438.2804614,88,2025-07-08,point,INCREMENTAL_LP_CERTIFIED,True,0,0,41702.2024867,0,41702.2024867,0,0,0,144,0,0.000942599999689,0.00375449999956,2.38742359215e-12,0,-1,True,True,True
66849.1679043,10231.2949898,15440.7801019,12423.6021578,3.38218342222e-12,4.55993333334,41482.7253851,51662.416205,93145.1415901,5438.2804614,5530.98015558,83,2025-07-09,point,INCREMENTAL_LP_CERTIFIED,True,0,0,41482.7253851,0,41482.7253851,0,0,0,144,0,0.000945699999647,0.00389749999886,2.27373675443e-12,0,-1,True,True,True
66950.7412719,9311.53551019,17223.1977719,13877.2820017,3.89377419197e-12,62.7376285714,41555.3978221,44672.5906691,86227.9884912,5530.98015558,5612.65592616,82,2025-07-10,point,INCREMENTAL_LP_CERTIFIED,True,0,0,41555.3978221,0,41555.3978221,0,0,0,144,0,0.0010614999992,0.00437299999976,2.27373675443e-12,0,-1,True,True,True
65840.2407413,3.99325017497e-12,11571.3590592,8935.63679524,13640.2096125,17045.5317148,41038.5394777,1.96345979475e-11,41038.5394777,5612.65592616,6098.39375143,0,2025-07-11,point,INCREMENTAL_LP_CERTIFIED,True,0,0,41038.5394777,0,41038.5394777,0,0,0,144,0,0.00112290000106,0.0039979000012,2.04636307899e-12,0,-1,True,True,True
65816.5324069,3.17612602885e-12,10707.1288519,8716.5352381,16212.7110846,16528.9843752,40970.0032589,1.63974647194e-11,40970.0032589,6098.39375143,6049.77056466,0,2025-07-12,point,INCREMENTAL_LP_CERTIFIED,True,0,0,40970.0032589,0,40970.0032589,0,0,0,144,0,0.00104540000029,0.00378420000015,1.02318153949e-12,0,-1,True,True,True
66217.9938908,6617.69489314,17894.1519493,15011.7039664,381.950305791,303.570095238,41143.9568055,30898.3125035,72042.269309,6049.77056466,5474.83624524,76,2025-07-13,point,INCREMENTAL_LP_CERTIFIED,True,0,0,41143.9568055,0,41143.9568055,0,0,0,144,0,0.000959400000283,0.00393369999983,2.27373675443e-12,0,-1,True,True,True
65308.9368217,9410.30718774,15168.8525479,12257.2877551,3.66640051652e-12,3.12638803734e-12,40618.6461232,48305.1966975,88923.8428208,5474.83624524,5507.59492151,82,2025-07-14,point,INCREMENTAL_LP_CERTIFIED,True,0,0,40618.6461232,0,40618.6461232,0,0,0,144,0,0.000908500000151,0.00398759999916,2.27373675443e-12,0,-1,True,True,True
65034.4146535,10614.3891304,13536.1416551,10790.4027531,79.7404414462,74.2738571429,40542.7436365,55753.2918537,96296.0354902,5507.59492151,5700.78601878,83,2025-07-15,point,INCREMENTAL_LP_CERTIFIED,True,0,0,40542.7436365,0,40542.7436365,0,0,0,144,0,0.000945199999478,0.00364930000069,2.6147972676e-12,0,-1,True,True,True
64350.1892344,10347.8729517,14948.2897058,12453.0344698,38.5710620517,29.6725047619,40129.1352645,49548.2328419,89677.3681063,5700.78601878,5317.54178751,80,2025-07-16,point,INCREMENTAL_LP_CERTIFIED,True,0,0,40129.1352645,0,40129.1352645,0,0,0,144,0,0.000968299998931,0.00383189999957,3.41060513165e-12,0,-1,True,True,True
64471.0680153,11459.2186277,15787.2202175,12637.0835816,2.95585778076e-12,59.7339404762,40195.1001122,55802.1284599,95997.2285721,5317.54178751,5484.83600365,86,2025-07-17,point,INCREMENTAL_LP_CERTIFIED,True,0,0,40195.1001122,0,40195.1001122,0,0,0,144,0,0.00104289999945,0.00405110000065,2.95585778076e-12,0,-1,True,True,True
64262.3807312,3.04112290905e-12,10990.4536223,8356.3810619,13600.9929843,16753.0670865,40097.0178029,1.51313770402e-11,40097.0178029,5484.83600365,6091.37641714,0,2025-07-18,point,INCREMENTAL_LP_CERTIFIED,True,0,0,40097.0178029,0,40097.0178029,0,0,0,144,0,0.00104999999894,0.00417999999991,1.5916157281e-12,0,-1,True,True,True
63407.9620034,2.80664380625e-12,9909.88833851,8131.45449048,18680.5524469,15766.1566585,39733.2422817,1.43049945223e-11,39733.2422817,6091.37641714,5975.32648794,0,2025-07-19,point,INCREMENTAL_LP_CERTIFIED,True,0,0,39733.2422817,0,39733.2422817,0,0,0,144,0,0.000906699999177,0.00426640000114,2.50111042988e-12,0,-1,True,True,True
62935.0395061,11170.9263971,12660.4007434,10659.3886664,3.41060513165e-12,14.9756095238,39522.4213874,57893.9651827,97416.3865701,5975.32648794,5525.92197209,88,2025-07-20,point,INCREMENTAL_LP_CERTIFIED,True,0,0,39522.4213874,0,39522.4213874,0,0,0,144,0,0.00123440000061,0.00365049999891,4.09272615798e-12,0,-1,True,True,True
63840.2391633,12807.4911659,13589.5078621,10946.2542519,3.24007487507e-12,14.7273690476,39852.892735,64511.71215,104364.604885,5525.92197209,5593.97432362,86,2025-07-21,point,INCREMENTAL_LP_CERTIFIED,True,0,0,39852.892735,0,39852.892735,0,0,0,144,0,0.000920399999814,0.00384069999927,1.81898940355e-12,0,-1,True,True,True
64109.0548312,12001.5249263,13185.0596006,10869.6244598,7.67386154621e-13,4.54747350886e-12,39972.4439931,60569.6685449,100542.112538,5593.97432362,5383.16745331,92,2025-07-22,point,INCREMENTAL_LP_CERTIFIED,True,0,0,39972.4439931,0,39972.4439931,0,0,0,144,0,0.000926799999434,0.00366159999976,3.29691829393e-12,0,-1,True,True,True
64502.8177974,12588.9759063,14677.2674233,11802.0208363,3.09796632791e-12,2.23110419029e-12,40126.3240288,62457.0596132,102583.383642,5383.16745331,5479.35164955,89,2025-07-23,point,INCREMENTAL_LP_CERTIFIED,True,0,0,40126.3240288,0,40126.3240288,0,0,0,144,0,0.00112959999933,0.00413850000041,2.04636307899e-12,0,-1,True,True,True
64744.6782265,11804.6018246,14325.7316686,11396.1124008,2.07478478842e-12,3.18878333334,40265.0962366,57931.4145922,98196.5108288,5479.35164955,5710.16303926,90,2025-07-24,point,INCREMENTAL_LP_CERTIFIED,True,0,0,40265.0962366,0,40265.0962366,0,0,0,144,0,0.00112059999992,0.00385639999877,1.02318153949e-12,0,-1,True,True,True
64584.3668998,2.8990143619e-12,10724.0326523,8327.05278095,18507.1789623,17174.8884995,40172.8478506,1.48998395844e-11,40172.8478506,5710.16303926,6109.51155857,0,2025-07-25,point,INCREMENTAL_LP_CERTIFIED,True,0,0,40172.8478506,0,40172.8478506,0,0,0,144,0,0.0010084000005,0.00393350000013,1.36424205266e-12,0,-1,True,True,True
63427.5134929,2.67164068646e-12,10761.3372847,8709.9597,16403.6889098,16503.3554317,39645.4091373,1.51755727984e-11,39645.4091373,6109.51155857,6116.98211481,0,2025-07-26,point,INCREMENTAL_LP_CERTIFIED,True,0,0,39645.4091373,0,39645.4091373,0,0,0,144,0,0.000937900000281,0.00388080000084,2.6147972676e-12,0,-1,True,True,True
63632.482171,12249.2684019,14606.5393919,12409.978619,3.97903932026e-12,1.04449782157e-12,39673.6454467,59191.1440232,98864.7894699,6116.98211481,5474.00243529,91,2025-07-27,point,INCREMENTAL_LP_CERTIFIED,True,0,0,39673.6454467,0,39673.6454467,0,0,0,144,0,0.00163149999935,0.00586470000053,2.72848410532e-12,0,-1,True,True,True
64629.7218364,15579.0755945,12043.3373674,9819.52597926,1.44950718095e-12,30.1088095238,40107.5225349,81777.1883414,121884.710876,5474.00243529,5402.42164455,95,2025-07-28,point,INCREMENTAL_LP_CERTIFIED,True,0,0,40107.5225349,0,40107.5225349,0,0,0,144,0,0.00106079999932,0.00388289999864,2.04636307899e-12,0,-1,True,True,True
65308.1774588,13295.2274456,12815.9359921,10286.4584067,2.6147972676e-12,4.68136904762,40407.9220706,70510.8870314,110918.809102,5402.42164455,5507.36580772,94,2025-07-29,point,INCREMENTAL_LP_CERTIFIED,True,0,0,40407.9220706,0,40407.9220706,0,0,0,144,0,0.000946400001339,0.00386900000012,2.38742359215e-12,0,-1,True,True,True
65534.3295402,11679.8289732,15802.4895417,12697.7488878,4.12114786741e-12,6.16380952381,40507.3374825,56533.8140497,97041.1515322,5507.36580772,5620.99651989,86,2025-07-30,point,INCREMENTAL_LP_CERTIFIED,True,0,0,40507.3374825,0,40507.3374825,0,0,0,144,0,0.000950799998463,0.0042883999995,2.38742359215e-12,0,-1,True,True,True
65393.4375185,12262.6294619,15002.1602662,12088.4616381,1.64845914696e-12,47.3720857143,40403.5978314,62321.7384518,102725.336283,5620.99651989,5691.31671709,88,2025-07-31,point,INCREMENTAL_LP_CERTIFIED,True,0,0,40403.5978314,0,40403.5978314,0,0,0,144,0,0.000955299999987,0.00364100000115,2.38742359215e-12,0,-1,True,True,True
65507.674318,3.25428572978e-12,10386.7809042,8009.72583571,23911.4825284,17967.7770545,40455.1240029,1.8073635033e-11,40455.1240029,5691.31671709,6139.72415786,0,2025-08-01,point,INCREMENTAL_LP_CERTIFIED,True,0,0,40455.1240029,0,40455.1240029,0,0,0,144,0,0.000938600000154,0.00359279999975,1.25055521494e-12,0,-1,True,True,True
64217.5184413,2.63611354967e-12,10233.9738703,8430.16609524,23604.0659021,17882.6198309,39856.4526647,1.41259377529e-11,39856.4526647,6139.72415786,5983.44942415,0,2025-08-02,point,INCREMENTAL_LP_CERTIFIED,True,0,0,39856.4526647,0,39856.4526647,0,0,0,144,0,0.000953799999479,0.00377979999939,2.16004991671e-12,0,-1,True,True,True
63282.0216297,5335.34003021,17196.0852458,14607.2200626,2587.60377255,601.412720958,39403.0320824,23974.7481258,63377.7802083,5983.44942415,5229.6816313,70,2025-08-03,point,INCREMENTAL_LP_CERTIFIED,True,0,0,39403.0320824,0,39403.0320824,0,0,0,144,0,0.000939000001381,0.00373489999947,3.18323145621e-12,0,-1,True,True,True
62465.3159651,6447.30191636,17360.6245794,14125.3465004,261.684719165,4.54036808151e-12,38995.8918982,28918.8194485,67914.7113468,5229.6816313,5159.4143078,76,2025-08-04,point,INCREMENTAL_LP_CERTIFIED,True,0,0,38995.8918982,0,38995.8918982,0,0,0,144,0,0.000968399999692,0.00369859999955,2.50111042988e-12,0,-1,True,True,True
60687.0137932,7588.36547648,15881.2916218,12758.2220854,3.75166564481e-12,1.81188397619e-12,38114.5191383,36376.1670485,74490.6861868,5159.4143078,5276.77445024,83,2025-08-05,point,INCREMENTAL_LP_CERTIFIED,True,0,0,38114.5191383,0,38114.5191383,0,0,0,144,0,0.00153820000014,0.00389540000106,2.50111042988e-12,0,-1,True,True,True
59147.4204366,11759.4073635,13868.2455771,11149.0332437,42.7601,30.4561,37351.7666012,57852.4407793,95204.2073805,5276.77445024,5370.38075442,81,2025-08-06,point,INCREMENTAL_LP_CERTIFIED,True,0,0,37351.7666012,0,37351.7666012,0,0,0,144,0,0.000898700000107,0.00383249999868,1.36424205266e-12,0,-1,True,True,True
58656.7825761,8445.30145869,16284.8589023,13105.4000294,513.402633333,21.2372785714,37093.752318,38382.728589,75476.480907,5370.38075442,5465.19817825,84,2025-08-07,point,INCREMENTAL_LP_CERTIFIED,True,0,0,37093.752318,0,37093.752318,0,0,0,144,0,0.000941500000408,0.00353419999919,1.93267624127e-12,0,-1,True,True,True
58239.9414151,2.26840768391e-12,11269.844146,8534.86113571,23381.3399599,16348.4471949,36792.792922,1.45712881761e-11,36792.792922,5465.19817825,6124.87887,0,2025-08-08,point,INCREMENTAL_LP_CERTIFIED,True,0,0,36792.792922,0,36792.792922,0,0,0,144,0,0.000944100000197,0.00388229999953,1.36424205266e-12,0,-1,True,True,True
57357.678217,3.1334934647e-12,10490.6857058,8525.84278333,20795.02397,15675.8823245,36356.1215734,1.60288138318e-11,36356.1215734,6124.87887,6093.33735704,0,2025-08-09,point,INCREMENTAL_LP_CERTIFIED,True,0,0,36356.1215734,0,36356.1215734,0,0,0,144,0,0.000932599999942,0.00374209999973,2.27373675443e-12,0,-1,True,True,True
57232.5302825,10958.5632925,11868.7193682,10248.1307241,1241.92683333,23.959047619,36243.2274084,57559.0540352,93802.2814436,6093.33735704,5388.37287272,85,2025-08-10,point,INCREMENTAL_LP_CERTIFIED,True,0,0,36243.2274084,0,36243.2274084,0,0,0,144,0,0.000992799999949,0.0038827999997,2.04636307899e-12,0,-1,True,True,True
57934.1007005,10130.2133691,14779.5527315,12056.4658071,779.973811905,1.64490643328e-12,36532.8120011,49477.5183515,86010.3303525,5388.37287272,5293.89721206,88,2025-08-11,point,INCREMENTAL_LP_CERTIFIED,True,0,0,36532.8120011,0,36532.8120011,0,0,0,144,0,0.000917499999559,0.00352900000144,9.09494701773e-13,0,-1,True,True,True
57983.8432173,12706.2272303,12496.2168339,9897.44785307,330.757816667,1.64845914696e-12,36528.2293666,64876.6696719,101404.899039,5293.89721206,5543.3280814,88,2025-08-12,point,INCREMENTAL_LP_CERTIFIED,True,0,0,36528.2293666,0,36528.2293666,0,0,0,144,0,0.000953400000071,0.00383069999953,1.25055521494e-12,0,-1,True,True,True
57759.2634377,11423.2247527,11962.9391139,9514.57648779,604.819209524,8.32690476191,36551.1118153,59605.5443607,96156.6561759,5543.3280814,5738.22163085,88,2025-08-13,point,INCREMENTAL_LP_CERTIFIED,True,0,0,36551.1118153,0,36551.1118153,0,0,0,144,0,0.000965900000665,0.00384309999936,2.50111042988e-12,0,-1,True,True,True
57251.4860276,12097.447244,13838.6699324,11289.9243965,727.961888095,145.934864286,36255.4643754,60284.7130563,96540.1774317,5738.22163085,5648.66412939,84,2025-08-14,point,INCREMENTAL_LP_CERTIFIED,True,0,0,36255.4643754,0,36255.4643754,0,0,0,144,0,0.00101080000059,0.00385610000012,2.27373675443e-12,0,-1,True,True,True
57422.0328613,1.67688085639e-12,11305.0966127,8744.66118333,22429.1555275,15272.715021,36377.1217654,9.12851305657e-12,36377.1217654,5648.66412939,6106.96087714,0,2025-08-15,point,INCREMENTAL_LP_CERTIFIED,True,0,0,36377.1217654,0,36377.1217654,0,0,0,144,0,0.00103529999978,0.00389189999987,2.38742359215e-12,0,-1,True,True,True
56983.6442455,3.31290550548e-12,10636.7119165,8593.29955714,22777.6303457,15233.3211738,36217.073292,1.54171182487e-11,36217.073292,6106.96087714,6131.89098291,0,2025-08-16,point,INCREMENTAL_LP_CERTIFIED,True,0,0,36217.073292,0,36217.073292,0,0,0,144,0,0.000940300000366,0.00377050000134,1.47792889038e-12,0,-1,True,True,True
56886.3119485,9446.61470274,14521.8825342,12390.5074949,1012.90037619,23.2576190476,36205.8433305,45112.5921364,81318.4354669,6131.89098291,5434.35471384,88,2025-08-17,point,INCREMENTAL_LP_CERTIFIED,True,0,0,36205.8433305,0,36205.8433305,0,0,0,144,0,0.000936699998419,0.00381939999897,6.8212102633e-13,0,-1,True,True,True
57745.7370745,10547.1845187,14774.1244959,11884.340286,1007.07581429,1.94595238095,36563.8782977,51708.5991752,88272.477473,5434.35471384,5526.24422011,86,2025-08-18,point,INCREMENTAL_LP_CERTIFIED,True,0,0,36563.8782977,0,36563.8782977,0,0,0,144,0,0.000927400000364,0.00347549999969,2.38742359215e-12,0,-1,True,True,True
57658.3371813,10577.9774679,13662.7055599,11158.3531273,1411.25740476,3.04476190476,36547.8136477,52621.5018578,89169.3155055,5526.24422011,5424.50908257,87,2025-08-19,point,INCREMENTAL_LP_CERTIFIED,True,0,0,36547.8136477,0,36547.8136477,0,0,0,144,0,0.000920799999221,0.00353859999996,2.6147972676e-12,0,-1,True,True,True
57689.5340701,15626.4568476,10970.795382,8971.98838098,666.49285,1.2576606423e-12,36499.3475738,82341.5993705,118840.946944,5424.50908257,5329.34894754,92,2025-08-20,point,INCREMENTAL_LP_CERTIFIED,True,0,0,36499.3475738,0,36499.3475738,0,0,0,144,0,0.000902499999938,0.00352919999932,1.81898940355e-12,0,-1,True,True,True
58198.9885917,11340.0121847,12433.6121893,9838.23366533,1099.20376905,1.8260948309e-12,36754.2894345,59304.1735753,96058.4630098,5329.34894754,5588.22917868,91,2025-08-21,point,INCREMENTAL_LP_CERTIFIED,True,0,0,36754.2894345,0,36754.2894345,0,0,0,144,0,0.000909899999897,0.00351939999928,1.13686837722e-12,0,-1,True,True,True
57596.8201731,3.74456021746e-12,11289.2923678,8675.04625238,19588.7774247,14163.227233,36451.9138122,2.02613819056e-11,36451.9138122,5588.22917868,6109.65202929,0,2025-08-22,point,INCREMENTAL_LP_CERTIFIED,True,0,0,36451.9138122,0,36451.9138122,0,0,0,144,0,0.0009356999999,0.00357729999996,1.5916157281e-12,0,-1,True,True,True
57206.8488207,9.66338120634e-13,10504.1611449,8545.56970476,17656.8989797,15061.3522508,36397.1179133,4.72400074614e-12,36397.1179133,6109.65202929,6068.31960995,0,2025-08-23,point,INCREMENTAL_LP_CERTIFIED,True,0,0,36397.1179133,0,36397.1179133,0,0,0,144,0,0.00112470000022,0.00430929999857,1.81898940355e-12,0,-1,True,True,True
57462.3438278,9848.04605026,15889.7424397,13442.5324616,1129.59041667,1.20792265079e-12,36530.2386891,45066.1308823,81596.3695714,6068.31960995,5432.94062606,91,2025-08-24,point,INCREMENTAL_LP_CERTIFIED,True,0,0,36530.2386891,0,36530.2386891,0,0,0,144,0,0.00152129999879,0.00356979999924,2.27373675443e-12,0,-1,True,True,True
58334.4498174,15076.3946564,11348.8848078,9208.17848881,496.403995238,0.647142857146,36944.3678418,77807.6774721,114752.045314,5432.94062606,5415.62752111,88,2025-08-25,point,INCREMENTAL_LP_CERTIFIED,True,0,0,36944.3678418,0,36944.3678418,0,0,0,144,0,0.000951800000621,0.00375779999922,1.36424205266e-12,0,-1,True,True,True
58634.0859141,10168.6790671,15475.1628702,12307.502408,50.39625,55.8898857143,37146.41586,49564.135891,86710.551751,5415.62752111,5668.2714287,85,2025-08-26,point,INCREMENTAL_LP_CERTIFIED,True,0,0,37146.41586,0,37146.41586,0,0,0,144,0,0.000920899999983,0.00343440000142,4.54747350886e-12,0,-1,True,True,True
58512.2564173,11940.9212112,14430.2255322,11891.1967703,1.73372427525e-12,8.38440428197e-13,37120.3453813,60123.2122496,97243.557631,5668.2714287,5443.03355175,91,2025-08-27,point,INCREMENTAL_LP_CERTIFIED,True,0,0,37120.3453813,0,37120.3453813,0,0,0,144,0,0.000957600001129,0.00364919999993,2.04636307899e-12,0,-1,True,True,True
58705.0035982,14460.6409654,11226.1198292,8924.35291319,7.95807864051e-13,96.0826642857,37259.7802589,76944.0892147,114203.869474,5443.03355175,5630.59371669,100,2025-08-28,point,INCREMENTAL_LP_CERTIFIED,True,0,0,37259.7802589,0,37259.7802589,0,0,0,144,0,0.00101119999999,0.00353409999843,2.6147972676e-12,0,-1,True,True,True
58722.1442408,2.71072053692e-12,12386.3788147,9618.31467381,17422.1996571,15976.6600927,37317.8775614,1.71057923382e-11,37317.8775614,5630.59371669,6091.31834571,0,2025-08-29,point,INCREMENTAL_LP_CERTIFIED,True,0,0,37317.8775614,0,37317.8775614,0,0,0,144,0,0.00113179999971,0.00375160000112,1.5916157281e-12,0,-1,True,True,True
58358.6518399,2.31992203226e-12,10654.0924856,8695.45462857,23075.4265434,14811.8676062,37120.4577649,1.15960716585e-11,37120.4577649,6091.31834571,6018.38532881,0,2025-08-30,point,INCREMENTAL_LP_CERTIFIED,True,0,0,37120.4577649,0,37120.4577649,0,0,0,144,0,0.000970499999312,0.00378290000117,2.27373675443e-12,0,-1,True,True,True
58508.2801578,10788.2601983,13894.0213792,11545.7049589,231.770683333,69.8301690476,37243.634448,54642.3623537,91885.9968017,6018.38532881,5694.44350468,81,2025-08-31,point,INCREMENTAL_LP_CERTIFIED,True,0,0,37243.634448,0,37243.634448,0,0,0,144,0,0.000900600000023,0.00370529999964,2.04636307899e-12,0,-1,True,True,True
58802.9905012,1723.04216533,16605.0602272,13104.267199,356.479166667,3094.6259383,37362.4945055,9381.60397811,46744.0984836,5694.44350468,6078.70082143,19,2025-09-01,point,INCREMENTAL_LP_CERTIFIED,True,0,0,37362.4945055,0,37362.4945055,0,0,0,144,0,0.000931999999011,0.00393700000132,1.5916157281e-12,0,-1,True,True,True
56517.9120569,3294.5199075,16932.1253992,13750.5521925,243.100038095,2330.00286961,35828.6955175,15378.4992439,51207.1947614,6078.70082143,6039.22235571,37,2025-09-02,point,INCREMENTAL_LP_CERTIFIED,True,0,0,35828.6955175,0,35828.6955175,0,0,0,144,0,0.000921499999095,0.00378700000147,2.6147972676e-12,0,-1,True,True,True
55116.0082935,4965.35579148,15418.7839816,12470.8172347,479.926733333,1105.75335476,34721.5408084,24759.2571936,59480.798002,6039.22235571,6059.664345,47,2025-09-03,point,INCREMENTAL_LP_CERTIFIED,True,0,0,34721.5408084,0,34721.5408084,0,0,0,144,0,0.00102179999885,0.00371360000099,1.25055521494e-12,0,-1,True,True,True
53640.1464599,6413.00441136,15661.9836616,12736.7496744,1946.01255714,1256.33877684,33663.459811,31632.8700721,65296.3298831,6059.664345,6003.50555786,56,2025-09-04,point,INCREMENTAL_LP_CERTIFIED,True,0,0,33663.459811,0,33663.459811,0,0,0,144,0,0.00115650000043,0.00360929999988,2.38742359215e-12,0,-1,True,True,True
52470.1543593,1.9610979507e-12,10639.7898756,8482.76110238,24391.014935,19097.8489844,32776.6450001,9.96629978545e-12,32776.6450001,6003.50555786,6154.02633214,0,2025-09-05,point,INCREMENTAL_LP_CERTIFIED,True,0,0,32776.6450001,0,32776.6450001,0,0,0,144,0,0.00109190000148,0.00367430000006,9.09494701773e-13,0,-1,True,True,True
50581.6682614,3.51363382833e-12,10391.8012241,8449.83308571,23337.7165221,17580.8999009,31509.4633381,1.97871443675e-11,31509.4633381,6154.02633214,6117.94400526,0,2025-09-06,point,INCREMENTAL_LP_CERTIFIED,True,0,0,31509.4633381,0,31509.4633381,0,0,0,144,0,0.000938099999985,0.00341119999939,1.13686837722e-12,0,-1,True,True,True
49329.3474173,9703.01812381,13245.4769744,11012.9058619,1767.40922857,71.4015833333,30487.8375882,50681.6264825,81169.4640707,6117.94400526,5802.31121344,80,2025-09-07,point,INCREMENTAL_LP_CERTIFIED,True,0,0,30487.8375882,0,30487.8375882,0,0,0,144,0,0.000894499999049,0.00383719999991,7.95807864051e-13,0,-1,True,True,True
48274.8730149,14182.1025017,12065.1144173,10135.967934,1132.2595,1.5916157281e-12,29558.0596669,70839.3206774,100397.380344,5802.31121344,5398.72759566,90,2025-09-08,point,INCREMENTAL_LP_CERTIFIED,True,0,0,29558.0596669,0,29558.0596669,0,0,0,144,0,0.000994699999865,0.00389019999966,1.5916157281e-12,0,-1,True,True,True
49078.90688,10221.2783065,16017.9482085,12892.3111697,3053.3165,18.3973809524,29993.2404608,47449.740454,77442.9809147,5398.72759566,5490.09079476,82,2025-09-09,point,INCREMENTAL_LP_CERTIFIED,True,0,0,29993.2404608,0,29993.2404608,0,0,0,144,0,0.000947100001213,0.00337630000104,2.16004991671e-12,0,-1,True,True,True
49162.4578407,15391.5019694,11787.4078549,9482.60701155,933.160316667,2.84217094304e-13,30136.9488083,78711.6760826,108848.624891,5490.09079476,5562.52785138,94,2025-09-10,point,INCREMENTAL_LP_CERTIFIED,True,0,0,30136.9488083,0,30136.9488083,0,0,0,144,0,0.00095599999986,0.00378930000079,1.25055521494e-12,0,-1,True,True,True
49338.5697424,9247.78872814,17097.7015781,13730.0696338,1708.70812381,13.9326190476,30177.4060483,42669.1098669,72846.5159152,5562.52785138,5694.82634524,80,2025-09-11,point,INCREMENTAL_LP_CERTIFIED,True,0,0,30177.4060483,0,30177.4060483,0,0,0,144,0,0.000962000000072,0.00377939999998,2.16004991671e-12,0,-1,True,True,True
49212.3253758,3.05533376377e-12,11876.5648333,9247.62203571,20597.6349432,14434.091435,30091.3663896,1.53998769292e-11,30091.3663896,5694.82634524,6108.5991,0,2025-09-12,point,INCREMENTAL_LP_CERTIFIED,True,0,0,30091.3663896,0,30091.3663896,0,0,0,144,0,0.000927199998841,0.00360240000009,2.16004991671e-12,0,-1,True,True,True
49170.4935525,1.76214598469e-12,11255.1611777,9102.2180881,24468.1193175,14542.3296621,30118.4898888,9.23807874642e-12,30118.4898888,6108.5991,6124.66850646,0,2025-09-13,point,INCREMENTAL_LP_CERTIFIED,True,0,0,30118.4898888,0,30118.4898888,0,0,0,144,0,0.00108459999865,0.00349069999902,1.81898940355e-12,0,-1,True,True,True
49373.4239072,12984.7213834,12507.7797739,10903.3259928,654.366759524,1.53477230924e-12,30275.3651784,67251.3213133,97526.6864916,6124.66850646,5266.86364431,83,2025-09-14,point,INCREMENTAL_LP_CERTIFIED,True,0,0,30275.3651784,0,30275.3651784,0,0,0,144,0,0.000967699999819,0.00360560000081,2.38742359215e-12,0,-1,True,True,True
50719.2748589,10246.7933638,16999.8940589,13556.8328838,2445.5175381,10.4588761905,30949.0876645,48032.2704913,78981.3581557,5266.86364431,5503.62064865,84,2025-09-15,point,INCREMENTAL_LP_CERTIFIED,True,0,0,30949.0876645,0,30949.0876645,0,0,0,144,0,0.00106930000038,0.00389890000042,2.50111042988e-12,0,-1,True,True,True
50629.6469449,12961.3674426,13448.3557378,11113.7110169,1764.59968333,1.13686837722e-12,30898.9358505,65577.9649294,96476.9007799,5503.62064865,5258.57301608,83,2025-09-16,point,INCREMENTAL_LP_CERTIFIED,True,0,0,30898.9358505,0,30898.9358505,0,0,0,144,0,0.00202320000062,0.0039598000003,2.50111042988e-12,0,-1,True,True,True
51182.4985522,12107.5797782,15021.9905593,12094.9912027,402.96057381,1.25055521494e-12,31150.5844908,61222.0630096,92372.6475005,5258.57301608,5339.48540532,85,2025-09-17,point,INCREMENTAL_LP_CERTIFIED,True,0,0,31150.5844908,0,31150.5844908,0,0,0,144,0,0.000937700000577,0.00371040000027,2.6147972676e-12,0,-1,True,True,True
51162.9508634,11892.9475033,15715.7981039,12416.34118,778.445757143,21.9445690476,31163.4571128,59891.8916607,91055.3487736,5339.48540532,5687.76905437,83,2025-09-18,point,INCREMENTAL_LP_CERTIFIED,True,0,0,31163.4571128,0,31163.4571128,0,0,0,144,0,0.000968199999988,0.00380399999995,2.38742359215e-12,0,-1,True,True,True
50970.6881797,2.30926389122e-12,11996.2224008,9313.74223333,17350.3718126,14836.4838831,31127.1953114,1.17770539987e-11,31127.1953114,5687.76905437,6135.76673357,0,2025-09-19,point,INCREMENTAL_LP_CERTIFIED,True,0,0,31127.1953114,0,31127.1953114,0,0,0,144,0,0.000939499999731,0.00348830000075,2.6147972676e-12,0,-1,True,True,True
50719.1551353,4.06963351907e-12,12136.2126944,9872.58152381,17739.6516171,15070.4386143,31057.4874197,2.22665974547e-11,31057.4874197,6135.76673357,6088.82313206,0,2025-09-20,point,INCREMENTAL_LP_CERTIFIED,True,0,0,31057.4874197,0,31057.4874197,0,0,0,144,0,0.00103789999957,0.00367639999968,2.16004991671e-12,0,-1,True,True,True
51164.8614576,10241.4318536,14934.2882266,12476.9836916,645.82012619,15.6811666667,31285.8926415,52522.818427,83808.7110685,6088.82313206,5666.36732307,76,2025-09-21,point,INCREMENTAL_LP_CERTIFIED,True,0,0,31285.8926415,0,31285.8926415,0,0,0,144,0,0.000951799998802,0.00378199999977,2.27373675443e-12,0,-1,True,True,True
51508.1728322,12288.8132297,15090.1301155,12402.6427441,495.478807143,4.97379915032e-13,31444.8073161,60829.1701084,92273.9774245,5666.36732307,5466.77026688,82,2025-09-22,point,INCREMENTAL_LP_CERTIFIED,True,0,0,31444.8073161,0,31444.8073161,0,0,0,144,0,0.00093410000045,0.0035930999984,2.72848410532e-12,0,-1,True,True,True
51929.9091808,13280.679647,15350.3329475,12259.1706554,1.756791327e-12,2.81095238095,31685.2986601,66822.9440763,98508.2427363,5466.77026688,5660.76919138,87,2025-09-23,point,INCREMENTAL_LP_CERTIFIED,True,0,0,31685.2986601,0,31685.2986601,0,0,0,144,0,0.000937200000408,0.00373570000011,2.6147972676e-12,0,-1,True,True,True
51907.7254786,11978.3214382,15858.0546834,13050.3713189,14.1786904762,0.959761904764,31752.7217883,58779.3100826,90532.0318709,5660.76919138,5432.60582987,82,2025-09-24,point,INCREMENTAL_LP_CERTIFIED,True,0,0,31752.7217883,0,31752.7217883,0,0,0,144,0,0.000974599999608,0.0036626000001,2.72848410532e-12,0,-1,True,True,True
52346.4497795,11343.842054,16389.4863461,13293.3134794,241.539416667,17.13065,31959.7186655,55690.5544143,87650.2730798,5432.60582987,5412.79523101,79,2025-09-25,point,INCREMENTAL_LP_CERTIFIED,True,0,0,31959.7186655,0,31959.7186655,0,0,0,144,0,0.000980099999651,0.00373480000053,1.81898940355e-12,0,-1,True,True,True
52596.5135264,1.67688085639e-12,12635.8435611,9631.99836667,15890.3060386,16008.1187934,32091.250684,9.63197521742e-12,32091.250684,5412.79523101,6082.83402857,0,2025-09-26,point,INCREMENTAL_LP_CERTIFIED,True,0,0,32091.250684,0,32091.250684,0,0,0,144,0,0.00105280000025,0.00363060000018,1.81898940355e-12,0,-1,True,True,True
51877.3744246,4.51905179943e-12,12434.0418303,10124.520819,17395.472643,14371.0785203,31751.898059,2.62616879354e-11,31751.898059,6082.83402857,6024.00409913,0,2025-09-27,point,INCREMENTAL_LP_CERTIFIED,True,0,0,31751.898059,0,31751.898059,0,0,0,144,0,0.000919000000067,0.00351570000021,3.29691829393e-12,0,-1,True,True,True
52021.9134315,13439.5422036,13697.8224887,11726.3118702,1.0312493047e-12,2.31585,31885.8164941,69725.8072491,101611.623743,6024.00409913,5322.80892759,88,2025-09-28,point,INCREMENTAL_LP_CERTIFIED,True,0,0,31885.8164941,0,31885.8164941,0,0,0,144,0,0.00102610000067,0.00399309999921,3.52429196937e-12,0,-1,True,True,True
53581.5227459,12361.3720536,16149.5337197,12991.5329011,1.70422638675e-12,25.0023809524,32540.9023644,62506.9213109,95047.8236752,5322.80892759,5422.35271852,86,2025-09-29,point,INCREMENTAL_LP_CERTIFIED,True,0,0,32540.9023644,0,32540.9023644,0,0,0,144,0,0.00110800000039,0.00391310000123,2.50111042988e-12,0,-1,True,True,True
53813.377744,14669.2628732,15486.0040178,12489.4910435,2.19709190077e-12,63.9528761905,32645.7060318,73759.8060078,106405.51204,5422.35271852,5482.54406399,87,2025-09-30,point,INCREMENTAL_LP_CERTIFIED,True,0,0,32645.7060318,0,32645.7060318,0,0,0,144,0,0.00091219999922,0.00362489999861,2.84217094304e-12,0,-1,True,True,True
54261.5924487,3635.08198736,20594.0016621,16291.7639436,3602.10837619,330.806808025,32825.9503741,13518.8087852,46344.7591593,5482.54406399,5915.18562257,56,2025-10-01,point,INCREMENTAL_LP_CERTIFIED,True,0,0,32825.9503741,0,32825.9503741,0,0,0,144,0,0.000928100000237,0.00367409999853,1.81898940355e-12,0,-1,True,True,True
52238.3835969,4378.13537488,20271.354035,16279.281468,623.433883333,270.229404762,31732.4275963,17010.0302656,48742.4578619,5915.18562257,6071.31373407,60,2025-10-02,point,INCREMENTAL_LP_CERTIFIED,True,0,0,31732.4275963,0,31732.4275963,0,0,0,144,0,0.000945699999647,0.00375069999973,2.04636307899e-12,0,-1,True,True,True
51353.5336014,2.145839062e-12,11123.7412022,8972.04017857,23215.0254922,18169.6533856,31049.1293617,1.33656712364e-11,31049.1293617,6071.31373407,6113.74728429,0,2025-10-03,point,INCREMENTAL_LP_CERTIFIED,True,0,0,31049.1293617,0,31049.1293617,0,0,0,144,0,0.000946999998632,0.00387349999983,1.81898940355e-12,0,-1,True,True,True
50664.9124243,3.04112290905e-12,11906.9434511,9656.77351667,18616.2127983,16702.5472582,30535.8345556,1.77526828793e-11,30535.8345556,6113.74728429,6100.24803841,0,2025-10-04,point,INCREMENTAL_LP_CERTIFIED,True,0,0,30535.8345556,0,30535.8345556,0,0,0,144,0,0.000956500000029,0.00417200000084,2.38742359215e-12,0,-1,True,True,True
50224.2410882,8421.75558536,17647.0377763,14627.168917,890.166747619,2.04636307899e-12,30078.3850652,38339.008912,68417.3939772,6100.24803841,5730.17212926,75,2025-10-05,point,INCREMENTAL_LP_CERTIFIED,True,0,0,30078.3850652,0,30078.3850652,0,0,0,144,0,0.00091059999977,0.00348719999965,3.52429196937e-12,0,-1,True,True,True
50122.39352,11681.5471755,15468.29527,12704.4667578,1307.00293333,1.42108547152e-12,29828.7326079,58530.8610069,88359.5936148,5730.17212926,5535.56369693,80,2025-10-06,point,INCREMENTAL_LP_CERTIFIED,True,0,0,29828.7326079,0,29828.7326079,0,0,0,144,0,0.000933699999223,0.00366539999959,1.70530256582e-12,0,-1,True,True,True
49854.1054417,11919.763871,16242.5450869,13148.4548005,901.707216667,6.50880952381,29512.2320296,58843.7285518,88355.9605814,5535.56369693,5544.46005243,81,2025-10-07,point,INCREMENTAL_LP_CERTIFIED,True,0,0,29512.2320296,0,29512.2320296,0,0,0,144,0,0.00124690000121,0.00393210000038,2.6147972676e-12,0,-1,True,True,True
49238.1005287,11889.9424282,15978.6712739,12975.077617,1645.95363333,1.36424205266e-12,28975.3774192,59208.5090071,88183.8864263,5544.46005243,5508.51129111,80,2025-10-08,point,INCREMENTAL_LP_CERTIFIED,True,0,0,28975.3774192,0,28975.3774192,0,0,0,144,0,0.000945399999182,0.00353490000089,3.41060513165e-12,0,-1,True,True,True
49602.7199163,10874.521295,18169.5118401,14602.5159455,1150.26363333,2.33058017329e-12,29164.7019884,51455.7177365,80620.4197248,5508.51129111,5636.05422992,75,2025-10-09,point,INCREMENTAL_LP_CERTIFIED,True,0,0,29164.7019884,0,29164.7019884,0,0,0,144,0,0.00100119999843,0.00364980000086,1.93267624127e-12,0,-1,True,True,True
49850.5294264,2.75690581475e-12,12767.3742112,9918.95511667,22970.5288691,14687.9705461,29370.7536491,1.50546100031e-11,29370.7536491,5636.05422992,6105.62977929,0,2025-10-10,point,INCREMENTAL_LP_CERTIFIED,True,0,0,29370.7536491,0,29370.7536491,0,0,0,144,0,0.00104250000004,0.0039756999995,3.52429196937e-12,0,-1,True,True,True
49727.9932714,3.9221959014e-12,12794.4324067,10429.3079095,18199.267678,15057.2875129,29392.8829821,2.32927988009e-11,29392.8829821,6105.62977929,6032.49904587,0,2025-10-11,point,INCREMENTAL_LP_CERTIFIED,True,0,0,29392.8829821,0,29392.8829821,0,0,0,144,0,0.000936799999181,0.00373250000121,1.02318153949e-12,0,-1,True,True,True
49959.7399312,12166.9343995,15023.9126788,12876.1476552,1463.95332381,2.04636307899e-12,29520.8556602,63232.471354,92753.3270142,6032.49904587,5247.18972876,80,2025-10-12,point,INCREMENTAL_LP_CERTIFIED,True,0,0,29520.8556602,0,29520.8556602,0,0,0,144,0,0.0010661999986,0.00361909999992,1.70530256582e-12,0,-1,True,True,True
51034.0287457,10738.7201674,18229.6563243,14503.4618135,1019.15910238,2.72848410532e-12,30018.2945052,52599.2184928,82617.512998,5247.18972876,5538.92285003,79,2025-10-13,point,INCREMENTAL_LP_CERTIFIED,True,0,0,30018.2945052,0,30018.2945052,0,0,0,144,0,0.00101600000016,0.00368399999934,1.47792889038e-12,0,-1,True,True,True
50793.3399757,13728.9166473,16473.7346685,13510.0376575,784.730328571,2.27373675443e-12,29921.668983,67639.0403727,97560.7093557,5538.92285003,5354.13109892,80,2025-10-14,point,INCREMENTAL_LP_CERTIFIED,True,0,0,29921.668983,0,29921.668983,0,0,0,144,0,0.000886399999217,0.00397620000149,1.13686837722e-12,0,-1,True,True,True
51343.7827266,14306.7921213,15209.5955528,12127.8618834,648.817528571,6.8212102633e-13,30225.1467929,73436.1465931,103661.293386,5354.13109892,5567.3650037,84,2025-10-15,point,INCREMENTAL_LP_CERTIFIED,True,0,0,30225.1467929,0,30225.1467929,0,0,0,144,0,0.000915500000701,0.00356900000043,2.50111042988e-12,0,-1,True,True,True
51360.450682,15546.9895046,16308.4118915,13012.9167025,624.55217381,20.9198738095,30279.1492364,76606.9333449,106886.082581,5567.3650037,5786.13936992,84,2025-10-16,point,INCREMENTAL_LP_CERTIFIED,True,0,0,30279.1492364,0,30279.1492364,0,0,0,144,0,0.000920100001167,0.00355789999958,2.95585778076e-12,0,-1,True,True,True
51567.6186533,4.07274214353e-12,12681.4324975,10011.3815595,17493.2504803,15400.1179183,30463.6190325,2.31427790265e-11,30463.6190325,5786.13936992,6075.67132929,0,2025-10-17,point,INCREMENTAL_LP_CERTIFIED,True,0,0,30463.6190325,0,30463.6190325,0,0,0,144,0,0.000921299999391,0.00376909999977,2.38742359215e-12,0,-1,True,True,True
51340.4385524,2.77466938314e-12,12159.0433021,9863.11030714,17746.8075402,15221.1047506,30403.9043357,1.73967809047e-11,30403.9043357,6075.67132929,6059.79884878,0,2025-10-18,point,INCREMENTAL_LP_CERTIFIED,True,0,0,30403.9043357,0,30403.9043357,0,0,0,144,0,0.00109299999895,0.0036999999993,2.6147972676e-12,0,-1,True,True,True
51597.0256138,14810.475393,16244.7532329,13722.9747593,1.48727677309e-12,3.9221959014e-12,30515.4611324,73011.3945395,103526.855672,6059.79884878,5432.32702577,84,2025-10-19,point,INCREMENTAL_LP_CERTIFIED,True,0,0,30515.4611324,0,30515.4611324,0,0,0,144,0,0.000925799999095,0.00393989999975,2.6147972676e-12,0,-1,True,True,True
53071.9237319,14308.1009666,16115.5978468,13176.355515,1.6502355038e-12,1.98951966013e-12,31292.1247102,73761.2931256,105053.417836,5432.32702577,5295.97007124,84,2025-10-20,point,INCREMENTAL_LP_CERTIFIED,True,0,0,31292.1247102,0,31292.1247102,0,0,0,144,0,0.000983500000075,0.00357819999954,2.04636307899e-12,0,-1,True,True,True
54285.0125553,15113.3852716,15200.4883288,12265.4494709,6.38293129289e-13,0.777619047622,31900.7903945,78552.584561,110453.374956,5295.97007124,5348.1323773,87,2025-10-21,point,INCREMENTAL_LP_CERTIFIED,True,0,0,31900.7903945,0,31900.7903945,0,0,0,144,0,0.00103379999928,0.00407090000044,2.6147972676e-12,0,-1,True,True,True
55045.1380223,13899.3906406,17312.9518508,13923.319888,2.36025066679e-12,1.76214598469e-12,32260.1903497,70173.8669611,102434.057311,5348.1323773,5459.43361198,82,2025-10-22,point,INCREMENTAL_LP_CERTIFIED,True,0,0,32260.1903497,0,32260.1903497,0,0,0,144,0,0.000926799999434,0.00380429999859,2.6147972676e-12,0,-1,True,True,True
55435.8736567,11648.5772912,18601.7741486,14896.820234,1.60760293966e-12,3.52429196937e-12,32527.5755407,57133.5999598,89661.1755006,5459.43361198,5649.00786344,79,2025-10-23,point,INCREMENTAL_LP_CERTIFIED,True,0,0,32527.5755407,0,32527.5755407,0,0,0,144,0,0.000971500001469,0.00376559999859,2.04636307899e-12,0,-1,True,True,True
55282.5912055,3.80850906367e-12,13264.2000083,10333.6427548,16463.533263,17468.4499723,32444.0536084,2.06617443155e-11,32444.0536084,5649.00786344,6104.96258786,0,2025-10-24,point,INCREMENTAL_LP_CERTIFIED,True,0,0,32444.0536084,0,32444.0536084,0,0,0,144,0,0.000927099999899,0.00365939999938,1.70530256582e-12,0,-1,True,True,True
55124.4556256,3.54916096512e-12,12224.5559517,9908.21119524,15736.0279403,17673.6501954,32501.6356076,2.04159391615e-11,32501.6356076,6104.96258786,6097.93939415,0,2025-10-25,point,INCREMENTAL_LP_CERTIFIED,True,0,0,32501.6356076,0,32501.6356076,0,0,0,144,0,0.000937899998462,0.00403730000107,2.50111042988e-12,0,-1,True,True,True
55609.0604232,11603.6801168,16858.0523057,14189.6237824,7.5959551149e-13,3.86535248253e-12,32833.2119018,57968.8670902,90802.078992,6097.93939415,5503.93782222,85,2025-10-26,point,INCREMENTAL_LP_CERTIFIED,True,0,0,32833.2119018,0,32833.2119018,0,0,0,144,0,0.00131730000066,0.00350040000012,2.04636307899e-12,0,-1,True,True,True
56355.7768391,11025.5243728,19807.1107666,16145.0373024,1.29383179517e-12,166.646080952,33119.736453,51129.8343679,84249.5708209,5503.93782222,5391.40717619,80,2025-10-27,point,INCREMENTAL_LP_CERTIFIED,True,0,0,33119.736453,0,33119.736453,0,0,0,144,0,0.000927799999772,0.00386749999961,2.38742359215e-12,0,-1,True,True,True
56357.5142217,13026.9675058,17409.6133701,13999.8345664,5.40012479178e-13,2.28122380953,33164.6000427,65008.6827597,98173.2828024,5391.40717619,5504.68746881,83,2025-10-28,point,INCREMENTAL_LP_CERTIFIED,True,0,0,33164.6000427,0,33164.6000427,0,0,0,144,0,0.0012743999996,0.0044125000004,3.86535248253e-12,0,-1,True,True,True
56161.7210558,15996.1583417,15188.4946235,12342.872026,1.1226575225e-12,4.26325641456e-12,33146.8336394,83356.0077598,116502.841399,5504.68746881,5460.03037889,89,2025-10-29,point,INCREMENTAL_LP_CERTIFIED,True,0,0,33146.8336394,0,33146.8336394,0,0,0,144,0,0.00110850000056,0.00383189999957,1.13686837722e-12,0,-1,True,True,True
56759.8194553,11655.0341381,18408.4788981,14781.4429547,1.11412701981e-12,3.41060513165e-12,33478.5770502,57339.2363159,90817.8133661,5460.03037889,5603.83588188,81,2025-10-30,point,INCREMENTAL_LP_CERTIFIED,True,0,0,33478.5770502,0,33478.5770502,0,0,0,144,0,0.000891800000318,0.00427320000017,2.27373675443e-12,0,-1,True,True,True
56801.5212794,3.11928260999e-12,13009.3200648,10091.3838405,12240.3774043,17738.915584,33564.229914,1.89787279226e-11,33564.229914,5603.83588188,6099.57522857,0,2025-10-31,point,INCREMENTAL_LP_CERTIFIED,True,0,0,33564.229914,0,33564.229914,0,0,0,144,0,0.000969700000496,0.0039338000006,1.02318153949e-12,0,-1,True,True,True
57044.4001782,4.47641923529e-12,12056.2809317,9797.5167881,13447.8673963,18793.730205,33769.3354502,2.5472807863e-11,33769.3354502,6099.57522857,6064.09830257,0,2025-11-01,point,INCREMENTAL_LP_CERTIFIED,True,0,0,33769.3354502,0,33769.3354502,0,0,0,144,0,0.0009699000002,0.00361020000128,2.72848410532e-12,0,-1,True,True,True
57536.4793576,13902.2050554,16569.8050862,13927.5046065,4.29878355135e-13,3.18323145621e-12,34045.034183,69802.9491765,103847.983359,6064.09830257,5501.91776177,90,2025-11-02,point,INCREMENTAL_LP_CERTIFIED,True,0,0,34045.034183,0,34045.034183,0,0,0,144,0,0.000926300001083,0.00393219999933,2.72848410532e-12,0,-1,True,True,True
58774.3876261,13655.8949441,16095.4968551,13170.1445681,4.88993611228e-13,2.84217094304e-12,34721.7382785,69755.1413356,104476.879614,5501.91776177,5354.37096675,88,2025-11-03,point,INCREMENTAL_LP_CERTIFIED,True,0,0,34721.7382785,0,34721.7382785,0,0,0,144,0,0.000939300000027,0.00345950000155,3.52429196937e-12,0,-1,True,True,True
59787.7194352,11502.5487086,18894.2131185,15272.6846271,2.61487012598e-13,88.6676190476,35213.6183483,56496.3029408,91709.9212892,5354.37096675,5389.51318772,87,2025-11-04,point,INCREMENTAL_LP_CERTIFIED,True,0,0,35213.6183483,0,35213.6183483,0,0,0,144,0,0.00105079999958,0.00383310000143,1.93267624127e-12,0,-1,True,True,True
59978.4141258,13126.4533359,17870.4190353,14443.5716403,2.70188038609e-12,4.00746102969e-12,35363.7610479,64533.5784022,99897.3394501,5389.51318772,5424.47738585,85,2025-11-05,point,INCREMENTAL_LP_CERTIFIED,True,0,0,35363.7610479,0,35363.7610479,0,0,0,144,0,0.000965299999734,0.00435010000001,2.50111042988e-12,0,-1,True,True,True
59994.3276224,14700.9975564,16924.1675557,13598.426927,1.36825967223e-12,5.45696821064e-12,35395.8660969,74865.4625693,110261.328666,5424.47738585,5546.86493381,91,2025-11-06,point,INCREMENTAL_LP_CERTIFIED,True,0,0,35395.8660969,0,35395.8660969,0,0,0,144,0,0.00106319999941,0.00398250000035,2.72848410532e-12,0,-1,True,True,True
60798.464684,4.34852154285e-12,13409.6496724,10341.1927405,13261.9087237,21149.637245,35893.0073833,2.59926551394e-11,35893.0073833,5546.86493381,6125.33548286,0,2025-11-07,point,INCREMENTAL_LP_CERTIFIED,True,0,0,35893.0073833,0,35893.0073833,0,0,0,144,0,0.000918600000659,0.00364179999997,1.81898940355e-12,0,-1,True,True,True
60060.7054583,4.02877731176e-12,11793.8917762,9588.78745,12931.9292357,21132.4647964,35605.1496027,2.17143494297e-11,35605.1496027,6125.33548286,6085.62980362,0,2025-11-08,point,INCREMENTAL_LP_CERTIFIED,True,0,0,35605.1496027,0,35605.1496027,0,0,0,144,0,0.00107100000059,0.00385690000076,2.6147972676e-12,0,-1,True,True,True
60277.5680676,13854.6395293,17261.6624738,14479.4948554,1.53144164017e-12,3.2227952381,35749.2678554,68271.1246843,104020.39254,6085.62980362,5532.79841288,88,2025-11-09,point,INCREMENTAL_LP_CERTIFIED,True,0,0,35749.2678554,0,35749.2678554,0,0,0,144,0,0.00098380000054,0.00371780000023,3.41060513165e-12,0,-1,True,True,True
61266.3094029,15680.0259292,16422.087519,13334.195287,9.817424651e-13,2.6147972676e-12,36253.1245118,79469.1639108,115722.288423,5532.79841288,5496.90463892,95,2025-11-10,point,INCREMENTAL_LP_CERTIFIED,True,0,0,36253.1245118,0,36253.1245118,0,0,0,144,0,0.000993100000414,0.00376340000003,1.36424205266e-12,0,-1,True,True,True
61937.0730645,12931.6342243,18282.5507665,14972.8631444,1.69830816077e-12,4.32009983342e-12,36736.1081151,63430.5394177,100166.647533,5496.90463892,5314.68572389,87,2025-11-11,point,INCREMENTAL_LP_CERTIFIED,True,0,0,36736.1081151,0,36736.1081151,0,0,0,144,0,0.000947200000155,0.0035427999992,3.18323145621e-12,0,-1,True,True,True
62716.7446018,12074.729594,19360.5126327,15525.026187,3.06954461848e-12,2.44426701101e-12,37188.6827317,58681.7181923,95870.400924,5314.68572389,5489.11799667,90,2025-11-12,point,INCREMENTAL_LP_CERTIFIED,True,0,0,37188.6827317,0,37188.6827317,0,0,0,144,0,0.00117959999989,0.00375429999985,2.04636307899e-12,0,-1,True,True,True
62704.5293525,13219.0325389,17721.7936811,14194.1031064,1.22960669424e-12,2.8990143619e-12,37258.9373784,65872.2129533,103131.150332,5489.11799667,5667.5066359,89,2025-11-13,point,INCREMENTAL_LP_CERTIFIED,True,0,0,37258.9373784,0,37258.9373784,0,0,0,144,0,0.000877200000104,0.00354230000084,2.72848410532e-12,0,-1,True,True,True
62666.9398478,5.9827698351e-12,11995.3285603,9345.03419524,10721.9559475,21696.2342352,37265.3015917,3.63204790688e-11,37265.3015917,5667.5066359,6079.93101214,0,2025-11-14,point,INCREMENTAL_LP_CERTIFIED,True,0,0,37265.3015917,0,37265.3015917,0,0,0,144,0,0.000975099999778,0.00385989999995,1.93267624127e-12,0,-1,True,True,True
62840.0889157,3.55626639248e-12,12104.5509296,9778.65054524,10153.8353,22148.4663147,37416.0516359,1.99615417529e-11,37416.0516359,6079.93101214,6108.85957627,0,2025-11-15,point,INCREMENTAL_LP_CERTIFIED,True,0,0,37416.0516359,0,37416.0516359,0,0,0,144,0,0.000938900000619,0.00350959999923,2.72848410532e-12,0,-1,True,True,True
63453.8084075,13690.8054494,18090.9044956,15380.835022,8.60776104257e-13,2.6147972676e-12,37829.5041169,66524.5135288,104354.017646,6108.85957627,5300.85693122,93,2025-11-16,point,INCREMENTAL_LP_CERTIFIED,True,0,0,37829.5041169,0,37829.5041169,0,0,0,144,0,0.00118710000061,0.00375920000079,2.16004991671e-12,0,-1,True,True,True
64786.5710385,11754.7521195,19541.0464361,15695.9718258,2.240541086e-12,0.494214285717,38504.1055223,56454.4523498,94958.5578721,5300.85693122,5447.83002841,88,2025-11-17,point,INCREMENTAL_LP_CERTIFIED,True,0,0,38504.1055223,0,38504.1055223,0,0,0,144,0,0.000909400001547,0.00357090000034,2.27373675443e-12,0,-1,True,True,True
64451.3494053,13743.1364539,17596.1668982,14292.2328723,1.00364161426e-13,4.14956957684e-12,38330.0683097,68318.0316124,106648.099922,5447.83002841,5404.12148974,94,2025-11-18,point,INCREMENTAL_LP_CERTIFIED,True,0,0,38330.0683097,0,38330.0683097,0,0,0,144,0,0.000945200001297,0.00341540000045,4.43378667114e-12,0,-1,True,True,True
64991.107174,13897.5656836,19022.0302526,15501.668995,1.11430309424e-12,2.33058017329e-12,38614.1778388,66948.8194379,105562.997277,5404.12148974,5299.87205595,92,2025-11-19,point,INCREMENTAL_LP_CERTIFIED,True,0,0,38614.1778388,0,38614.1778388,0,0,0,144,0,0.000952299998971,0.0035495000011,4.43378667114e-12,0,-1,True,True,True
65746.5671683,12982.8885117,19280.5930588,15351.4793645,1.69510239179e-13,7.26595238095,39060.9073276,62658.5242211,101719.431549,5299.87205595,5595.20651497,91,2025-11-20,point,INCREMENTAL_LP_CERTIFIED,True,0,0,39060.9073276,0,39060.9073276,0,0,0,144,0,0.000906899998881,0.00379560000147,4.32009983342e-12,0,-1,True,True,True
65768.6888089,3.00204305859e-12,11907.9274149,9210.73789524,10403.010981,23804.1042416,39159.1384112,1.65970703847e-11,39159.1384112,5595.20651497,6078.18797143,0,2025-11-21,point,INCREMENTAL_LP_CERTIFIED,True,0,0,39159.1384112,0,39159.1384112,0,0,0,144,0,0.000959900000453,0.0037171999993,2.16004991671e-12,0,-1,True,True,True
65415.5018638,3.67172958704e-12,11898.5156744,9627.21700476,9403.02029048,23521.3534203,39038.0007007,2.02029761809e-11,39038.0007007,6078.18797143,6089.94429529,0,2025-11-22,point,INCREMENTAL_LP_CERTIFIED,True,0,0,39038.0007007,0,39038.0007007,0,0,0,144,0,0.00139750000017,0.00460220000059,2.16004991671e-12,0,-1,True,True,True
65691.2007787,12603.851974,19150.4056382,16087.4491689,8.21859941214e-13,5.00222085975e-12,39228.347186,60282.3894057,99510.7365917,6089.94429529,5450.36584865,86,2025-11-23,point,INCREMENTAL_LP_CERTIFIED,True,0,0,39228.347186,0,39228.347186,0,0,0,144,0,0.00137449999966,0.0048695000005,2.04636307899e-12,0,-1,True,True,True
66514.389376,11252.1885384,19947.2856926,16349.5852878,2.84217094304e-13,6.93380952381,39613.2356483,53389.5630728,93002.7987211,5450.36584865,5236.71709669,86,2025-11-24,point,INCREMENTAL_LP_CERTIFIED,True,0,0,39613.2356483,0,39613.2356483,0,0,0,144,0,0.000939900000958,0.00371000000086,1.70530256582e-12,0,-1,True,True,True
66976.7621285,13008.4043441,19428.3780356,15612.4349297,7.05161623538e-13,0.562900000005,39855.46368,62614.7459816,102470.209662,5236.71709669,5375.10740685,90,2025-11-25,point,INCREMENTAL_LP_CERTIFIED,True,0,0,39855.46368,0,39855.46368,0,0,0,144,0,0.00101600000016,0.00370320000002,2.27373675443e-12,0,-1,True,True,True
66992.2969671,13438.4556746,18921.4915671,15248.4058087,1.13686837722e-13,2.52953213931e-12,39934.712806,65855.7207497,105790.433556,5375.10740685,5461.77669646,94,2025-11-26,point,INCREMENTAL_LP_CERTIFIED,True,0,0,39934.712806,0,39934.712806,0,0,0,144,0,0.000963800001045,0.00371079999968,2.38742359215e-12,0,-1,True,True,True
67103.6493449,12642.532483,19683.0654759,15717.7763813,1.45519013506e-13,3.86535248253e-12,40001.4232215,60343.514033,100344.937255,5461.77669646,5712.3396455,88,2025-11-27,point,INCREMENTAL_LP_CERTIFIED,True,0,0,40001.4232215,0,40001.4232215,0,0,0,144,0,0.00101389999872,0.00410270000066,4.09272615798e-12,0,-1,True,True,True
66965.3745246,2.67874611382e-12,12270.0682706,9575.40248333,8794.14651429,24555.3236731,39992.7293494,1.61863304982e-11,39992.7293494,5712.3396455,6116.06499643,0,2025-11-28,point,INCREMENTAL_LP_CERTIFIED,True,0,0,39992.7293494,0,39992.7293494,0,0,0,144,0,0.000934400000915,0.00356750000174,9.09494701773e-13,0,-1,True,True,True
66807.085913,3.46034312315e-12,11524.1396159,9421.54384524,5967.03108333,23808.0089591,40048.2825769,2.0254155686e-11,40048.2825769,6116.06499643,6019.40860045,0,2025-11-29,point,INCREMENTAL_LP_CERTIFIED,True,0,0,40048.2825769,0,40048.2825769,0,0,0,144,0,0.000978300000497,0.00374780000129,1.47792889038e-12,0,-1,True,True,True
67617.8124894,15415.466512,17926.0049408,15137.554056,1.51094414758e-13,4.66116034659e-12,40491.3335715,74854.3017722,115345.635344,6019.40860045,5333.30854048,97,2025-11-30,point,INCREMENTAL_LP_CERTIFIED,True,0,0,40491.3335715,0,40491.3335715,0,0,0,144,0,0.00089829999888,0.00360000000001,9.09494701773e-13,0,-1,True,True,True
69135.7062671,20658.1630493,19028.7513194,15533.8097364,1.31845923068e-13,3.35376171279e-12,41281.7677456,93173.4660565,134455.233802,5333.30854048,5199.39613193,98,2025-12-01,point,INCREMENTAL_LP_CERTIFIED,True,0,0,41281.7677456,0,41281.7677456,0,0,0,144,0,0.000931100001253,0.00372539999989,2.72848410532e-12,0,-1,True,True,True
71173.3356834,21197.6615994,19300.0867525,15566.8994197,1.62784391002e-13,3.41060513165e-12,42518.2483859,97905.2316563,140423.480042,5199.39613193,5272.91929841,100,2025-12-02,point,INCREMENTAL_LP_CERTIFIED,True,0,0,42518.2483859,0,42518.2483859,0,0,0,144,0,0.000940599999012,0.0038880000011,2.50111042988e-12,0,-1,True,True,True
72882.9594305,17990.9988131,19596.8187438,15885.6090669,2.35042345829e-13,3.43902684108e-12,43737.2578006,82671.3449182,126408.602719,5272.91929841,5259.3794269,97,2025-12-03,point,INCREMENTAL_LP_CERTIFIED,True,0,0,43737.2578006,0,43737.2578006,0,0,0,144,0,0.00100999999995,0.00382740000168,2.72848410532e-12,0,-1,True,True,True
74373.6739842,16640.5365342,21178.7575241,16935.7557557,1.9235307791e-13,4.09272615798e-12,44730.5581928,75530.6402508,120261.198444,5259.3794269,5502.75480339,95,2025-12-04,point,INCREMENTAL_LP_CERTIFIED,True,0,0,44730.5581928,0,44730.5581928,0,0,0,144,0,0.000968899999862,0.00415299999986,1.13686837722e-12,0,-1,True,True,True
75669.3476183,4.0216718844e-12,12613.0408376,9691.03779695,4885.06959248,26550.6473019,45717.7219713,2.31696688502e-11,45717.7219713,5502.75480339,6086.67178286,0,2025-12-05,point,INCREMENTAL_LP_CERTIFIED,True,0,0,45717.7219713,0,45717.7219713,0,0,0,144,0,0.000981500001217,0.00413420000041,2.6147972676e-12,0,-1,True,True,True
76536.3090849,3.12994075102e-12,11969.5769565,9718.4076619,3651.94916667,26968.559807,46491.8348127,1.86042345973e-11,46491.8348127,6086.67178286,6061.06030823,0,2025-12-06,point,INCREMENTAL_LP_CERTIFIED,True,0,0,46491.8348127,0,46491.8348127,0,0,0,144,0,0.000923599998714,0.00378460000138,1.81898940355e-12,0,-1,True,True,True
77823.2384171,13047.2270419,20405.1805361,17187.3963272,2.52103893317e-13,4.49063009e-12,47382.2824554,61027.5343065,108409.816762,6061.06030823,5328.61576053,90,2025-12-07,point,INCREMENTAL_LP_CERTIFIED,True,0,0,47382.2824554,0,47382.2824554,0,0,0,144,0,0.00090519999867,0.00371010000163,2.16004991671e-12,0,-1,True,True,True
79714.4279634,12394.0125758,21314.1083634,17053.9549814,1.32477362413e-13,1.0760404762,48479.4046444,58378.5772386,106857.981883,5328.61576053,5562.47441942,89,2025-12-08,point,INCREMENTAL_LP_CERTIFIED,True,0,0,48479.4046444,0,48479.4046444,0,0,0,144,0,0.000974699998551,0.00380589999986,2.72848410532e-12,0,-1,True,True,True
79688.3840709,11892.5729958,22198.543728,18006.040928,1.13686837722e-13,3.78008735424e-12,48502.614111,55881.732385,104384.346496,5562.47441942,5534.45163246,92,2025-12-09,point,INCREMENTAL_LP_CERTIFIED,True,0,0,48502.614111,0,48502.614111,0,0,0,144,0,0.000959999999395,0.00399649999963,2.6147972676e-12,0,-1,True,True,True
79554.4025676,12630.0814338,21049.2208914,17252.3553567,2.22917658724e-13,4.77484718431e-12,48421.2814106,58852.3011121,107273.582523,5534.45163246,5309.46670511,89,2025-12-10,point,INCREMENTAL_LP_CERTIFIED,True,0,0,48421.2814106,0,48421.2814106,0,0,0,144,0,0.000972299998466,0.00415819999944,2.16004991671e-12,0,-1,True,True,True
79982.2523571,10522.0920867,22128.3680167,17585.2782728,9.93372051283e-14,6.65068000671e-12,48667.3916666,49707.6461193,98375.0377859,5309.46670511,5685.79983921,88,2025-12-11,point,INCREMENTAL_LP_CERTIFIED,True,0,0,48667.3916666,0,48667.3916666,0,0,0,144,0,0.00108470000123,0.00394909999886,2.38742359215e-12,0,-1,True,True,True
79446.406522,6.43041175863e-12,11697.6076096,9057.00075238,3659.02905,29432.3571315,48385.1490243,3.66113965811e-11,48385.1490243,5685.79983921,6150.31251857,0,2025-12-12,point,INCREMENTAL_LP_CERTIFIED,True,0,0,48385.1490243,0,48385.1490243,0,0,0,144,0,0.00229890000082,0.00403919999917,2.16004991671e-12,0,-1,True,True,True
79263.1029903,5.25357535253e-12,11406.0911748,9322.47267381,3359.37693333,30021.5741727,48356.4145038,3.10229926193e-11,48356.4145038,6150.31251857,6057.49160495,0,2025-12-13,point,INCREMENTAL_LP_CERTIFIED,True,0,0,48356.4145038,0,48356.4145038,0,0,0,144,0,0.00105330000042,0.00408629999947,3.29691829393e-12,0,-1,True,True,True
79404.6498102,12724.682083,20852.4402364,17501.8301432,1.23469431294e-13,4.2064129957e-12,48463.789222,59824.083656,108287.872878,6057.49160495,5378.20988079,92,2025-12-14,point,INCREMENTAL_LP_CERTIFIED,True,0,0,48463.789222,0,48463.789222,0,0,0,144,0,0.000968199999988,0.00384250000025,1.81898940355e-12,0,-1,True,True,True
80320.547811,13129.4948667,20892.8655182,16912.3808071,6.87783163755e-14,6.02540239925e-12,48903.1481292,62409.4441659,111312.592295,5378.20988079,5390.25461698,91,2025-12-15,point,INCREMENTAL_LP_CERTIFIED,True,0,0,48903.1481292,0,48903.1481292,0,0,0,144,0,0.000895400000445,0.00392350000038,2.04636307899e-12,0,-1,True,True,True
80539.0377482,12903.3314284,21379.9366363,17355.658793,1.70530256582e-13,3.90798504668e-12,49050.8881451,60966.6799579,110017.568103,5390.25461698,5348.13226407,92,2025-12-16,point,INCREMENTAL_LP_CERTIFIED,True,0,0,49050.8881451,0,49050.8881451,0,0,0,144,0,0.00090629999977,0.00369409999985,2.72848410532e-12,0,-1,True,True,True
80891.9077234,11548.4140022,22016.0039829,17767.529324,5.68434188608e-14,5.18696197105e-12,49220.3636309,53207.5494903,102427.913121,5348.13226407,5420.83659979,92,2025-12-17,point,INCREMENTAL_LP_CERTIFIED,True,0,0,49220.3636309,0,49220.3636309,0,0,0,144,0,0.00101499999982,0.00401149999925,2.38742359215e-12,0,-1,True,True,True
80788.752294,11270.4253918,23086.9070297,18557.7780082,2.43623318134e-13,163.781697619,49165.1020095,51907.7458837,101072.847893,5420.83659979,5579.29958402,91,2025-12-18,point,INCREMENTAL_LP_CERTIFIED,True,0,0,49165.1020095,0,49165.1020095,0,0,0,144,0,0.000970499999312,0.00421660000029,2.04636307899e-12,0,-1,True,True,True
80852.847925,6.46593889542e-12,11968.6322663,9243.59775952,4454.72738333,30764.694735,49263.7723742,3.73493378447e-11,49263.7723742,5579.29958402,6080.40444643,0,2025-12-19,point,INCREMENTAL_LP_CERTIFIED,True,0,0,49263.7723742,0,49263.7723742,0,0,0,144,0,0.000896300000022,0.00379150000117,3.86535248253e-12,0,-1,True,True,True
80179.6607894,5.11235498379e-12,11821.3520105,9560.20796667,4337.0103,30725.1541956,48975.0142676,2.80301897249e-11,48975.0142676,6080.40444643,6097.16795955,0,2025-12-20,point,INCREMENTAL_LP_CERTIFIED,True,0,0,48975.0142676,0,48975.0142676,0,0,0,144,0,0.00101870000071,0.00415090000024,2.38742359215e-12,0,-1,True,True,True
80008.6343355,12460.8623649,20854.5342498,17444.7780922,5.68434188608e-14,21.9586761905,48858.5687808,58552.1693405,107410.738121,6097.16795955,5483.16201519,91,2025-12-21,point,INCREMENTAL_LP_CERTIFIED,True,0,0,48858.5687808,0,48858.5687808,0,0,0,144,0,0.000947299999098,0.00385559999995,1.93267624127e-12,0,-1,True,True,True
80726.3211162,12415.1870773,21993.0140352,17788.9329251,1.58358189842e-13,3.5527136788e-12,49158.4047273,57545.8954967,106704.300224,5483.16201519,5511.39361905,92,2025-12-22,point,INCREMENTAL_LP_CERTIFIED,True,0,0,49158.4047273,0,49158.4047273,0,0,0,144,0,0.00100050000037,0.0042054000005,2.38742359215e-12,0,-1,True,True,True
80612.6554958,10813.760981,22312.5773506,18156.9100451,3.00466736994e-13,12.6566380952,49115.7386015,50411.965677,99527.7042786,5511.39361905,5418.36873995,88,2025-12-23,point,INCREMENTAL_LP_CERTIFIED,True,0,0,49115.7386015,0,49115.7386015,0,0,0,144,0,0.000947000000451,0.00471079999988,1.36424205266e-12,0,-1,True,True,True
80385.0187659,11767.7866395,22407.1863016,18133.6564033,1.13686837722e-13,24.7161904762,48946.3798773,54887.0141374,103833.394015,5418.36873995,5436.32929664,88,2025-12-24,point,INCREMENTAL_LP_CERTIFIED,True,0,0,48946.3798773,0,48946.3798773,0,0,0,144,0,0.00100720000046,0.00393889999941,3.63797880709e-12,0,-1,True,True,True
80331.3333355,11876.8348045,21630.5583641,17235.6930431,3.69861151255e-13,0.854285714291,48965.522879,55926.2407511,104891.76363,5436.32929664,5753.06177646,88,2025-12-25,point,INCREMENTAL_LP_CERTIFIED,True,0,0,48965.522879,0,48965.522879,0,0,0,144,0,0.00103209999907,0.00389829999949,4.32009983342e-12,0,-1,True,True,True
80012.3993174,5.99698068982e-12,11767.0018991,9187.60096667,4554.71173333,29870.6642183,48829.4521519,3.51653817177e-11,48829.4521519,5753.06177646,6134.91796714,0,2025-12-26,point,INCREMENTAL_LP_CERTIFIED,True,0,0,48829.4521519,0,48829.4521519,0,0,0,144,0,0.000913399999263,0.00400910000099,4.2064129957e-12,0,-1,True,True,True
79617.4864748,3.72679664906e-12,11195.7514325,9103.04355238,3689.93903727,30496.0304907,48660.6880692,2.19369145071e-11,48660.6880692,6134.91796714,6096.6014204,0,2025-12-27,point,INCREMENTAL_LP_CERTIFIED,True,0,0,48660.6880692,0,48660.6880692,0,0,0,144,0,0.00103300000046,0.0052541999994,2.6147972676e-12,0,-1,True,True,True
79730.0868107,10696.4474811,21448.9645393,17831.6849975,1.98692516433e-13,4.94537744089e-12,48733.8772762,49415.8456902,98149.7229664,6096.6014204,5587.68617519,92,2025-12-28,point,INCREMENTAL_LP_CERTIFIED,True,0,0,48733.8772762,0,48733.8772762,0,0,0,144,0,0.000965000001088,0.00377180000032,2.72848410532e-12,0,-1,True,True,True
79950.441941,11383.9830203,21324.2599124,17513.6012178,7.37036842148e-14,6.70752342558e-12,48741.9521039,52961.2080265,101703.16013,5587.68617519,5319.9631877,90,2025-12-29,point,INCREMENTAL_LP_CERTIFIED,True,0,0,48741.9521039,0,48741.9521039,0,0,0,144,0,0.000905900000362,0.00390759999937,1.70530256582e-12,0,-1,True,True,True
80039.751346,10509.6213701,22322.3711151,18009.9659275,4.7846449025e-13,12.5649285714,48689.4782565,49063.4236914,97752.9019479,5319.9631877,5399.02393849,90,2025-12-30,point,INCREMENTAL_LP_CERTIFIED,True,0,0,48689.4782565,0,48689.4782565,0,0,0,144,0,0.000916299999517,0.00386189999881,2.6147972676e-12,0,-1,True,True,True
74446.4669413,13532.5269024,16377.3287103,17044.7578,2.2340462813e-13,3.46744855051e-12,46326.2059035,62178.729568,108504.935472,5399.02393849,1200,103,2025-12-31,point,INCREMENTAL_LP_CERTIFIED,True,0,0,46326.2059035,0,46326.2059035,0,0,0,144,0,0.0010054000013,0.00383090000105,2.72848410532e-12,0,-1,True,True,True
