plan_kwh,emergency_kwh,charge_kwh,discharge_kwh,curtailment_kwh,unused_plan_kwh,plan_cost_yuan,emergency_cost_yuan,total_cost_yuan,soc_start_kwh,soc_end_kwh,emergency_intervals,date,method,solver_method,solver_success,solver_status_code,mip_gap,surrogate_objective_yuan,dual_bound_yuan,lp_lower_bound_yuan,lp_initial_conflicts,incremental_rounds,active_binary_count,total_possible_binaries,binary_history,model_build_seconds,model_solve_seconds,model_max_constraint_violation,source_day_count,source_day_max,source_causal,plan_frozen,physical_checks_passed
84559.4683168,2.28084218179e-12,7515.9073624,6118.27159043,8935.4624252,39848.1941863,54600.5618713,1.46150256342e-11,54600.5618713,6093.09016714,6059.32724839,0,2025-02-01,stochastic,INCREMENTAL_MILP_GAP_REACHED,True,0,4.28037448275e-05,56597.2206401,56594.7980671,56476.8553517,30,1,576,2880,0>576,0.0705682000043,6.2439227,8.98353391676e-10,20,30,True,True,True
84134.2956175,3617.44297221,12393.0754924,14007.0263115,5.68434188608e-14,11009.4114587,54253.295207,20538.8040177,74792.0992248,6059.32724839,1649.73262331,23,2025-02-02,stochastic,INCREMENTAL_MILP_GAP_REACHED,True,0,2.57902735924e-06,56127.4878815,56127.3431271,56047.9352645,39,1,720,2880,0>720,0.0427879999988,6.5778277,2.6009274734e-09,20,31,True,True,True
87467.3253265,5781.01036419,15126.1613974,12438.7247326,0,10343.9825258,55230.6465257,32482.1279017,87712.7744273,1649.73262331,1442.47262256,39,2025-02-03,stochastic,INCREMENTAL_MILP_GAP_REACHED,True,0,0.00010074694153,57112.0966172,57106.3427481,57006.6859211,51,1,720,2880,0>720,0.0381854999978,4.7710406,2.55340637523e-10,20,32,True,True,True
86788.3386506,7256.47075316,14972.0563579,12300.7020159,5.68434188608e-14,10178.5911117,54745.3826838,40636.3531744,95381.7358583,1442.47262256,1249.87666034,35,2025-02-04,stochastic,INCREMENTAL_MILP_GAP_REACHED,True,0,0.000103131870796,56698.5028074,56692.6553847,56544.8026771,28,1,864,2880,0>864,0.040305999999,4.5686463,3.30373950419e-10,20,33,True,True,True
85948.5956525,7041.08072061,15174.8869201,12254.4999251,5.68434188608e-14,9320.86239475,54204.1060647,38339.4475062,92543.5535709,1249.87666034,1291.16386053,46,2025-02-05,stochastic,INCREMENTAL_MILP_GAP_REACHED,True,0,0.000129853846566,56179.2421466,56171.9470559,56016.6673886,35,2,720,2880,0>576>720,0.0676970000022,8.5448635,5.7480065152e-10,20,34,True,True,True
86424.5569161,6579.31820094,15127.6098474,12200.3837669,1.13686837722e-13,9805.59181992,54481.3933774,36729.5069821,91210.9003595,1291.16386053,1350.03075996,44,2025-02-06,stochastic,INCREMENTAL_MILP_GAP_REACHED,True,0,9.73687607763e-05,56383.0893708,56377.5994193,56266.9231945,33,1,576,2880,0>576,0.0382664000026,4.3029719,3.29237082042e-10,20,33,True,True,True
85759.2744125,2.44426701101e-12,13811.8717825,6920.98976026,9705.96229048,37356.7504331,53993.9165562,1.3808957533e-11,53993.9165562,1350.03075996,6090.72674173,0,2025-02-07,stochastic,INCREMENTAL_MILP_GAP_REACHED,True,0,0.000326792721522,55932.2745621,55913.9963019,55793.1617467,38,1,864,2880,0>864,0.0483413999973,4.5903659,5.7832494349e-10,20,36,True,True,True
79616.7661764,1.13686837722e-12,7625.85098892,6195.4900293,10370.6304454,36238.6120547,51072.3445365,6.84327261524e-12,51072.3445365,6090.72674173,6070.11482143,0,2025-02-08,stochastic,INCREMENTAL_MILP_GAP_REACHED,True,0,3.31638089502e-05,52929.7482138,52927.9928617,52849.4944865,40,1,576,2880,0>576,0.036390199999,4.3687703,7.66476659919e-10,20,36,True,True,True
77976.2458874,6988.72645346,9854.49476808,12294.2349218,5.68434188608e-14,7849.2965279,50264.1646651,38601.7250048,88865.8896699,6070.11482143,1278.89908852,40,2025-02-09,stochastic,INCREMENTAL_MILP_GAP_REACHED,True,0,5.24786639573e-05,52097.7750584,52095.0410367,52056.0459218,31,1,864,2880,0>864,0.0392893999997,4.7359025,2.11002770811e-10,20,37,True,True,True
84405.8910923,4272.55655435,15317.7928973,12478.4214265,217.25425,11295.1843425,53156.0541501,23662.2944501,76818.3486001,1278.89908852,1200,48,2025-02-10,stochastic,INCREMENTAL_MILP_GAP_REACHED,True,0,0.0002323154771,55314.2284702,55301.3781189,55194.8421999,37,2,864,2880,0>720>864,0.0651127000019,10.4807281,1.65617848324e-08,20,39,True,True,True
84067.8295156,5505.3171554,15353.1101186,12272.1721991,155.928716667,11115.6829016,52739.6579561,30131.5981546,82871.2561108,1200,1382.05221881,39,2025-02-11,stochastic,INCREMENTAL_MILP_GAP_REACHED,True,0,7.23950904245e-06,54886.4740897,54886.0767386,54809.3197266,39,1,720,2880,0>720,0.0381670000024,5.6056853,8.18545231596e-11,20,40,True,True,True
82872.9624309,6442.4250769,14204.4993546,11650.1289648,301.595919018,11192.6850657,51974.7055122,36001.0113836,87975.7168958,1382.05221881,1221.51389929,48,2025-02-12,stochastic,INCREMENTAL_MILP_GAP_REACHED,True,0,1.4544819639e-05,53812.2270307,53811.4443416,53733.2211145,39,1,720,2880,0>720,0.0423214999973,6.137892,2.25213625527e-10,20,41,True,True,True
82246.8010233,4003.75567423,15198.5681899,12164.7872435,695.705005761,11191.5917286,51448.3007911,21834.4919832,73282.7927743,1221.51389929,1383.79499966,40,2025-02-13,stochastic,INCREMENTAL_MILP_GAP_REACHED,True,0,2.16310095027e-05,53324.6144028,53323.4609375,53234.8094336,46,1,720,2880,0>720,0.043294199997,5.4308324,7.4248873716e-10,20,42,True,True,True
80450.4212976,2.84217094304e-12,13695.9824606,6878.0538224,10184.596714,33646.0941287,50134.4681406,1.82271833182e-11,50134.4681406,1383.79499966,6067.89718929,0,2025-02-14,stochastic,INCREMENTAL_MILP_GAP_REACHED,True,0,0.000176421001807,52158.7956061,52149.5936991,52078.2206507,54,1,720,2880,0>720,0.0369913999966,4.8635652,2.01703187486e-09,20,42,True,True,True
75314.0215128,3.12283532367e-12,8403.68595527,6832.52828805,10531.2085317,33931.5642139,47938.7652632,1.70992109361e-11,47938.7652632,6067.89718929,6039.51645119,0,2025-02-15,stochastic,INCREMENTAL_MILP_GAP_REACHED,True,0,6.65967325675e-05,49983.1720709,49979.8433549,49911.9728432,38,1,720,2880,0>720,0.0406567999999,3.6347239,7.20092430129e-10,20,43,True,True,True
74475.9950535,6832.16634607,10040.0389839,12437.8378396,6.05420119419e-14,8328.58115532,47342.7302565,38033.0751241,85375.8053806,6039.51645119,1255.73171492,41,2025-02-16,stochastic,INCREMENTAL_MILP_GAP_REACHED,True,0,0.000615451680174,49291.4530614,49261.1165538,49178.1436056,41,1,864,2880,0>864,0.0373899999977,4.0035523,5.61612978345e-10,20,43,True,True,True
79638.9724031,4991.17430006,14641.3184855,11909.6265167,464.888145885,10249.7034218,49418.0133292,27437.3956182,76855.4089474,1255.73171492,1200,47,2025-02-17,stochastic,INCREMENTAL_MILP_GAP_REACHED,True,0,7.82066095824e-05,51301.1469053,51297.1348165,51222.3036908,43,1,720,2880,0>720,0.0358688999986,3.6235336,1.45678313856e-09,20,46,True,True,True
78814.0515843,6077.56309503,14411.6564456,11534.8341993,159.258158154,9764.14649156,48893.9590889,33901.7553328,82795.7144216,1200,1354.00835735,44,2025-02-18,stochastic,INCREMENTAL_MILP_GAP_REACHED,True,0,0.000153469631576,50931.2964926,50923.4800853,50877.1936453,45,1,720,2880,0>720,0.0354894999982,4.2521463,7.3850969784e-10,20,44,True,True,True
78251.0183324,8230.51762975,14004.1076679,11481.9347326,618.304214363,10461.7314292,48465.2676906,43217.2579273,91682.5256179,1354.00835735,1200,64,2025-02-19,stochastic,INCREMENTAL_MILP_GAP_REACHED,True,0,0.000128151762431,50431.5057519,50425.0428656,50347.1892043,47,1,720,2880,0>720,0.0398253999992,6.6441627,7.66249286244e-11,20,48,True,True,True
77770.897387,5939.19407058,15070.6720108,12051.2058476,184.92325,9512.56831109,48076.6607958,31301.0696371,79377.7304329,1200,1373.37609015,55,2025-02-20,stochastic,INCREMENTAL_MILP_GAP_REACHED,True,0,5.96930566591e-05,50090.7575437,50087.7674733,49839.0932674,62,1,576,2880,0>576,0.0512305000011,4.3710437,4.54747350886e-12,20,49,True,True,True
77003.5637427,2.02793337678e-12,13423.140782,6655.54385089,12638.4035286,32037.3012497,47786.8444892,1.26136093792e-11,47786.8444892,1373.37609015,6059.15407071,0,2025-02-21,stochastic,INCREMENTAL_MILP_GAP_REACHED,True,0,2.03662859673e-05,49506.8966683,49505.8883967,49394.9922725,32,1,720,2880,0>720,0.0390636999982,4.683229,1.33468347485e-10,20,50,True,True,True
71570.0927128,4.07140987591e-12,8729.40743893,7133.85915355,10904.2020688,31225.5794753,45225.0787256,2.52158258718e-11,45225.0787256,6059.15407071,5989.11059513,0,2025-02-22,stochastic,INCREMENTAL_MILP_GAP_REACHED,True,0,9.69729840145e-05,47080.8329832,47076.2674143,46980.274651,32,1,576,2880,0>576,0.041378599999,4.9944654,2.93664389603e-09,20,51,True,True,True
71500.887424,6464.57892777,9508.0165074,12004.6390885,352.622366667,8577.61288286,45198.0803918,35620.106,80818.1863918,5989.11059513,1207.83757564,47,2025-02-23,stochastic,INCREMENTAL_MILP_GAP_REACHED,True,0,9.07577170037e-06,47123.0828687,47122.6551903,47063.3092733,35,1,720,2880,0>720,0.0412520000064,4.9066235,1.7166712496e-11,20,52,True,True,True
75724.361188,5163.42973242,14699.4266825,11913.4901818,594.1383,9304.68250309,46720.7565716,28943.6994188,75664.4559904,1207.83757564,1200.11027677,46,2025-02-24,stochastic,INCREMENTAL_MILP_GAP_REACHED,True,0,2.34926483155e-05,48561.7572606,48560.6164163,48467.1621408,33,1,576,2880,0>576,0.0390537000021,4.5766767,7.75685293775e-10,20,53,True,True,True
75365.8074106,4487.42278713,15092.6542417,12211.3020864,1665.08532676,9485.4694823,46547.4820032,24110.5840065,70658.0660097,1200.11027677,1215.385665,47,2025-02-25,stochastic,INCREMENTAL_MILP_GAP_REACHED,True,0,0.00020359776766,48458.2661664,48448.4001716,48351.3292554,43,1,720,2880,0>720,0.0407833999998,4.5718539,3.99609234591e-10,20,53,True,True,True
74305.2919681,6588.85469998,13801.981905,11059.1079662,811.943029259,8524.48166667,45895.7394075,35724.1143238,81619.8537314,1215.385665,1349.27163929,58,2025-02-26,stochastic,INCREMENTAL_MILP_GAP_REACHED,True,0,3.2132312606e-05,47830.6120927,47829.0751845,47725.8918022,35,2,720,2880,0>576>720,0.0632435999978,8.1401611,7.0258465712e-11,20,54,True,True,True
73572.6673737,6995.73274586,14831.7738625,11798.140217,1709.16483333,8869.01744077,45350.0381252,38178.6842308,83528.7223561,1349.27163929,1588.82342992,52,2025-02-27,stochastic,INCREMENTAL_MILP_GAP_REACHED,True,0,3.90110671466e-05,47229.9434272,47228.1009367,47136.9941348,35,1,720,2880,0>720,0.0365868000008,3.7689237,1.3703811419e-09,20,56,True,True,True
72487.5507767,2.43716158366e-12,14117.6430947,7384.22450116,13471.6002892,28989.9383439,44794.730781,1.54489221416e-11,44794.730781,1588.82342992,6090.008325,0,2025-02-28,stochastic,INCREMENTAL_MILP_GAP_REACHED,True,0,7.07196833427e-05,46665.3317113,46662.0315538,46589.7187209,28,1,576,2880,0>576,0.0373548999996,4.5160155,2.23531060328e-09,20,57,True,True,True
67628.6971121,2.02149408324e-12,9042.36267445,7374.8674323,12095.0129537,30207.4229829,42592.2490417,1.21486181115e-11,42592.2490417,6090.008325,6033.837585,0,2025-03-01,stochastic,INCREMENTAL_MILP_GAP_REACHED,True,0,0.000203392774677,44561.0068082,44551.9434213,44383.9332379,39,1,576,2880,0>576,0.039228900001,3.5469296,9.77161107585e-09,20,57,True,True,True
66861.752594,10226.2167463,7101.24304178,10073.5464393,139.278333333,7562.68733777,42063.9075106,58178.0064157,100241.913926,6033.837585,1232.12694563,59,2025-03-02,stochastic,INCREMENTAL_MILP_GAP_REACHED,True,0,4.60719836575e-08,44070.1633634,44070.161333,43973.4366482,26,1,576,2880,0>576,0.0374798000012,3.1093463,1.87157411347e-07,20,59,True,True,True
72411.6618007,10179.2052498,13365.1368331,10741.482544,74.2307666667,7875.83536132,44507.7080637,55282.1512447,99789.8593085,1232.12694563,1325.76949103,60,2025-03-03,stochastic,INCREMENTAL_MILP_GAP_REACHED,True,0,1.89590959438e-05,46459.1367478,46458.2559246,46383.5504539,27,2,720,2880,0>576>720,0.0568010000025,7.7526159,5.16820364282e-10,20,58,True,True,True
73644.8245823,6782.10158721,14053.2711061,11381.6528216,252.606966667,8303.24298507,45369.6835263,37857.7321531,83227.4156794,1325.76949103,1327.4325736,40,2025-03-04,stochastic,INCREMENTAL_MILP_GAP_REACHED,True,0,0.000400969208344,48630.1283806,48610.6291965,48373.4141165,44,1,720,2880,0>720,0.0397905000027,4.1548156,3.79932380686e-10,20,61,True,True,True
73831.5896434,5351.17361774,15100.8421995,12247.346643,1020.15076667,9178.64492129,45375.2454933,29035.6357807,74410.881274,1327.4325736,1310.02761648,45,2025-03-05,stochastic,INCREMENTAL_MILP_GAP_REACHED,True,0,0.00025396300973,48764.0068974,48751.6226434,48552.5466842,60,1,720,2880,0>720,0.0386228999996,4.42406059999,2.01680450118e-09,20,61,True,True,True
72549.9873305,5431.98514683,15367.8571903,12400.3704194,961.093333333,8112.73823973,44462.1994342,30266.0267886,74728.2262228,1310.02761648,1362.90973286,53,2025-03-06,stochastic,INCREMENTAL_MILP_GAP_REACHED,True,0,3.48251162773e-05,47116.2203047,47114.5794768,46955.2172509,48,1,720,2880,0>720,0.0369768000019,4.1129902,1.09025677375e-10,20,63,True,True,True
73304.6145979,2.84217094304e-12,13990.9649761,7083.26974214,13603.585191,31871.0486397,44899.6380106,1.86373085853e-11,44899.6380106,1362.90973286,6084.47849786,0,2025-03-07,stochastic,INCREMENTAL_MILP_GAP_REACHED,True,0,0.000212185143038,47704.1536654,47694.0315527,47545.8234411,51,1,576,2880,0>576,0.0486139000022,4.0707653,2.8342128644e-10,20,64,True,True,True
66797.5522072,2.21156426505e-12,8870.95686347,7223.7556029,15316.2578216,30770.9536083,41993.4461909,1.27302799413e-11,41993.4461909,6084.47849786,6041.94456064,0,2025-03-08,stochastic,INCREMENTAL_MILP_GAP_REACHED,True,0,0.000116023623452,44661.4064371,44656.2246589,44404.6982142,48,1,720,2880,0>720,0.0395334999994,4.2038162,3.90286913898e-10,20,65,True,True,True
67076.062859,4714.83943847,11050.4231792,13171.5331924,959.125852381,9619.36140828,41870.1371654,24737.076079,66607.2132443,6041.94456064,1352.28854149,42,2025-03-09,stochastic,INCREMENTAL_MILP_GAP_REACHED,True,0,0.000335126142479,45043.0729418,45027.9778305,44834.629263,55,1,720,2880,0>720,0.0375643999978,4.4754511,4.80213202536e-10,20,66,True,True,True
70955.2157534,7741.23929537,13308.337853,10882.0381259,136.74665,8091.33722169,43429.7323623,41888.734641,85318.4670033,1352.28854149,1238.63913593,60,2025-03-10,stochastic,INCREMENTAL_MILP_GAP_REACHED,True,0,0.000533682901522,46549.5762136,46524.7335007,46215.462031,59,1,720,2880,0>720,0.0408773000017,4.507401,3.25485416397e-10,20,66,True,True,True
70745.5840534,6023.14799101,14682.4979795,11597.9875686,1042.90546605,8702.39736745,43030.9028103,33036.1408325,76067.0436429,1238.63913593,1566.23446347,52,2025-03-11,stochastic,INCREMENTAL_MILP_GAP_REACHED,True,0,0.000376222320944,45810.1984947,45792.9636755,45605.2340967,53,1,720,2880,0>720,0.0414746000024,4.0840728,9.89075488178e-12,20,68,True,True,True
69816.339027,5797.55230233,14450.8247452,12034.7790607,1596.2258,9166.0851615,42528.4584169,30613.5933501,73142.051767,1566.23446347,1200,56,2025-03-12,stochastic,INCREMENTAL_MILP_GAP_REACHED,True,0,0.000836289517506,45482.3519561,45444.3155419,45239.0895191,67,1,720,2880,0>720,0.0415010000033,3.7813302,1.49952938955e-10,20,69,True,True,True
68222.0089066,8851.22340745,12646.7924082,10021.708,8.3011288815e-13,6902.52988925,41668.6166919,49266.0914916,90934.7081835,1200,1446.88205622,57,2025-03-13,stochastic,INCREMENTAL_MILP_GAP_REACHED,True,0,0.000128371235195,44515.7507183,44510.0361764,44223.2649666,40,1,576,2880,0>576,0.0362992999981,3.8845659,7.95807864051e-12,20,70,True,True,True
70533.1364199,2.50111042988e-12,14107.623508,7277.53196428,17273.9072616,30399.7116313,42907.8660316,1.40572353757e-11,42907.8660316,1446.88205622,6057.59658643,0,2025-03-14,stochastic,INCREMENTAL_MILP_GAP_REACHED,True,0,0.000834487205831,46010.4870424,45972.0918797,45803.4096505,61,1,720,2880,0>720,0.0369358999997,10.7434315,3.26281224261e-10,20,71,True,True,True
63757.3496012,1.92201810023e-12,9017.19040198,7400.06415687,13459.7674885,27756.3307175,39706.8525074,1.08855928715e-11,39706.8525074,6057.59658643,5950.77444058,0,2025-03-15,stochastic,INCREMENTAL_MILP_GAP_REACHED,True,0,0.00026145630552,42610.0446121,42598.9039473,42388.9506945,45,1,720,2880,0>720,0.0382927999999,3.6850777,3.11285930366e-09,20,72,True,True,True
64513.4058835,6548.64011436,8397.59422432,10950.1681051,1715.75574339,8547.81720187,40099.910948,35892.4570565,75992.3680045,5950.77444058,1341.75579238,48,2025-03-16,stochastic,INCREMENTAL_MILP_GAP_REACHED,True,0,0.000242237577323,43083.8454071,43073.4088808,42860.2105116,46,1,720,2880,0>720,0.0432954999997,5.6928304,3.06499714497e-10,20,73,True,True,True
68650.067089,3711.85230185,14793.472842,11827.9191387,2477.02201173,9061.21224247,41676.3237279,20014.752472,61691.0761999,1341.75579238,1513.74897383,32,2025-03-17,stochastic,INCREMENTAL_MILP_GAP_REACHED,True,0,0.000123437600816,44306.1481892,44300.6791445,43988.8137546,48,1,576,2880,0>576,0.0431874000024,4.1655254,7.54073425924e-09,20,74,True,True,True
66797.3169513,6019.47965417,14927.8180337,12223.579636,1285.99616433,7700.60367681,40562.532191,31496.329127,72058.861318,1513.74897383,1367.030053,48,2025-03-18,stochastic,INCREMENTAL_MILP_GAP_REACHED,True,0,0.000100551448461,43146.5444374,43142.2059898,42870.8156923,54,1,720,2880,0>720,0.0386945999999,4.1536378,8.78799255588e-11,20,73,True,True,True
67651.9803192,5600.99021553,14360.8718169,11505.3430863,1882.52436116,9049.44699296,41098.2572017,29623.0286802,70721.2858819,1367.030053,1508.10014786,36,2025-03-19,stochastic,INCREMENTAL_MILP_GAP_REACHED,True,0,0.000630852398048,44024.4471687,43996.6742406,43736.2901758,61,1,720,2880,0>720,0.0554469000017,4.7324051,7.03721525497e-11,20,76,True,True,True
66048.7524615,7243.00959982,13032.146726,10543.4220194,1077.41550705,7516.66003103,40053.4958473,39728.8788047,79782.374652,1508.10014786,1522.11884635,58,2025-03-20,stochastic,INCREMENTAL_MILP_GAP_REACHED,True,0,9.91348434607e-05,42966.4925954,42962.2331189,42654.1325534,39,1,720,2880,0>720,0.0404073999998,4.5458742,1.25282895169e-10,20,77,True,True,True
66894.910787,3.12638803734e-12,14210.3916916,7402.64562728,20741.6616488,27312.0385572,40624.919953,1.89051831967e-11,40624.919953,1522.11884635,6086.30956071,0,2025-03-21,stochastic,INCREMENTAL_MILP_GAP_REACHED,True,0,0.000521624118343,43349.3577804,43326.7457099,43143.6908298,58,1,720,2880,0>720,0.0386609000016,4.1202544,5.61044544156e-10,20,76,True,True,True
58347.1116361,2.57216470345e-12,9013.38396967,7372.35321405,16854.5189558,23970.3621913,36570.6471806,1.36058275757e-11,36570.6471806,6086.30956071,6006.85156225,0,2025-03-22,stochastic,INCREMENTAL_MILP_GAP_REACHED,True,0,0.00044162374012,39378.1789555,39360.7886169,39073.9971269,32,1,576,2880,0>576,0.0375037000013,4.4200807,1.50066625793e-11,20,78,True,True,True
59777.2815523,5203.06134046,10002.219744,12312.0821407,1337.92731667,7182.55785614,37158.8590789,26068.772778,63227.6318569,6006.85156225,1328.75806444,50,2025-03-23,stochastic,INCREMENTAL_MILP_GAP_REACHED,True,0,0.000221454749257,39822.1180579,39813.2992607,39575.2421927,36,1,576,2880,0>576,0.0390044000014,4.497635,2.88650880975e-10,20,80,True,True,True
65647.73795,6429.34885938,13059.5549301,10694.1217514,2753.0463,8960.11024733,39780.7417328,34603.8712389,74384.6129717,1328.75806444,1200,50,2025-03-24,stochastic,INCREMENTAL_MILP_GAP_REACHED,True,0,0.000867263939526,42204.3127072,42167.7104287,41955.7722305,60,1,720,2880,0>720,0.036623,4.1773303,2.2851054382e-11,20,80,True,True,True
64566.7648354,6961.7349436,13519.5804861,10944.3380413,690.856016667,7312.27660087,39154.5006867,37211.7169667,76366.2176534,1200,1207.24683599,57,2025-03-25,stochastic,INCREMENTAL_MILP_GAP_REACHED,True,0,0.000448195162241,42106.1537539,42087.2819795,41580.426731,57,1,720,2880,0>720,0.0380913999979,4.1218083,1.33609790418e-09,20,82,True,True,True
64548.6819034,5559.39649899,13398.1795975,10763.1262019,3968.21019315,7912.259947,39191.9194125,30045.6136317,69237.5330442,1207.24683599,1306.57936053,41,2025-03-26,stochastic,INCREMENTAL_MILP_GAP_REACHED,True,0,0.000474113026869,41979.356352,41959.4533923,41630.6729302,54,1,720,2880,0>720,0.0373083999984,3.7017052,6.36418917566e-10,20,83,True,True,True
65208.3780058,7239.01015403,11994.3126512,9631.8265553,2166.42516487,9201.487499,39463.7172336,39520.3231597,78984.0403933,1306.57936053,1399.43124075,49,2025-03-27,stochastic,INCREMENTAL_MILP_GAP_REACHED,True,0,0.000561692495144,41713.8369156,41690.4065664,41485.4357295,51,1,576,2880,0>576,0.0389647000011,4.2711507,7.6693140727e-10,20,83,True,True,True
64716.2444031,3.82271991839e-12,13997.5418854,7143.54447898,20908.7900512,26131.5761789,39043.3812656,2.27623786486e-11,39043.3812656,1399.43124075,6059.94729429,0,2025-03-28,stochastic,INCREMENTAL_MILP_GAP_REACHED,True,0,0.000707276504408,41244.8733656,41215.7018357,41020.8434047,43,1,720,2880,0>720,0.0392352999988,4.78694340001,1.57342583407e-10,20,83,True,True,True
58260.9330275,1.86162196769e-12,8975.3634563,7292.29685082,24631.5849299,24239.0723088,36059.5638738,1.06625677176e-11,36059.5638738,6059.94729429,6035.22234849,0,2025-03-29,stochastic,INCREMENTAL_MILP_GAP_REACHED,True,0,0.000582728713199,38639.182246,38616.6660851,38385.7888393,39,1,720,2880,0>720,0.0408897999987,3.7219447,2.42152964347e-11,20,86,True,True,True
56976.7233536,5706.04210355,8422.1620047,11093.0457467,3099.93611667,6908.09338253,35257.7548738,31671.0837704,66928.8386442,6035.22234849,1289.56176749,38,2025-03-30,stochastic,INCREMENTAL_MILP_GAP_REACHED,True,0,0.000129377890636,37859.1663703,37854.2682313,37535.1271362,35,1,576,2880,0>576,0.0373564000001,3.7784095,1.14710019261e-10,20,87,True,True,True
62068.7162843,6875.35800427,11503.6296873,9102.16223108,3119.5804,6471.636949,37489.0542424,39919.5011275,77408.55537,1289.56176749,1529.31489598,48,2025-03-31,stochastic,INCREMENTAL_MILP_GAP_REACHED,True,0,0.000324574696657,40135.0075059,40121.980698,39968.7010418,41,1,576,2880,0>576,0.0363469000004,4.2434384,1.11117515189e-09,20,88,True,True,True
61178.4593758,7880.18078018,10914.7314041,8952.13830695,1074.64661667,5812.54892542,36979.9743938,44768.0763646,81748.0507585,1529.31489598,1405.75281865,56,2025-04-01,stochastic,INCREMENTAL_MILP_GAP_REACHED,True,0,0.000114125591963,39157.7268888,39153.2579901,38973.0928923,34,1,432,2880,0>432,0.0470169000037,3.7677424,3.86535248253e-12,20,89,True,True,True
58971.1911473,8816.43940977,12530.3819314,10208.5179957,750.752333333,4279.67888803,35651.150412,47706.6898143,83357.8402263,1405.75281865,1340.29878389,51,2025-04-02,stochastic,INCREMENTAL_MILP_GAP_REACHED,True,0,2.819230709e-05,38340.4030655,38339.3221611,38020.2684364,25,1,432,2880,0>432,0.0413760999982,4.2391424,8.62883098307e-11,20,88,True,True,True
62173.5559078,7079.2245445,13471.6287032,10871.5929077,3332.05402722,7457.16036285,37167.3626785,38266.5874303,75433.9501088,1340.29878389,1385.21694158,46,2025-04-03,stochastic,INCREMENTAL_MILP_GAP_REACHED,True,0,0.000256189499516,39833.2487534,39823.0438933,39541.2281829,41,1,576,2880,0>576,0.0362356000005,4.5192029,1.84252257895e-09,20,91,True,True,True
61943.9847408,2.7142732506e-12,14445.9452181,7476.66659299,24298.8443966,24245.0594691,37190.7844933,1.63841562539e-11,37190.7844933,1385.21694158,6079.16031231,0,2025-04-04,stochastic,INCREMENTAL_MILP_GAP_REACHED,True,0,0.000570956734221,39690.4839208,39667.8223717,39499.007422,48,1,576,2880,0>576,0.0379771999978,3.7789045,5.18411980011e-11,20,92,True,True,True
55826.7535387,2.55795384874e-12,8892.87342156,7252.23571354,19696.6490049,22445.3518425,34391.8723196,1.62676485616e-11,34391.8723196,6079.16031231,6024.70671,0,2025-04-05,stochastic,INCREMENTAL_MILP_GAP_REACHED,True,0,0.000125943281823,36949.8046564,36945.1510768,36662.7282581,35,1,720,2880,0>720,0.0393981999987,3.7944695,1.88151716429e-10,20,92,True,True,True
56758.9581954,5599.09341038,8805.91830082,11325.656452,3219.56078756,7248.15270273,34825.4295572,30318.1878588,65143.617416,6024.70671,1365.97045634,42,2025-04-06,stochastic,INCREMENTAL_MILP_GAP_REACHED,True,0,0.000353993981897,36935.9392296,36922.8641294,36758.6391747,40,1,576,2880,0>576,0.0397509999966,4.5481916,1.81898940355e-11,20,94,True,True,True
62900.472292,5636.66844394,12621.6231683,10372.8881771,4813.24063333,8232.44582801,37485.2704756,30982.0161289,68467.2866045,1365.97045634,1200,47,2025-04-07,stochastic,INCREMENTAL_MILP_GAP_REACHED,True,0,0.000258225826972,39632.781974,39622.5477661,39458.2153067,45,2,720,2880,0>576>720,0.0730104999966,7.6899938,2.74326339422e-10,20,94,True,True,True
62718.7378215,6642.83380644,13677.6450895,11078.8925225,3501.70977619,8907.91566805,37277.9404593,35373.0605187,72651.000978,1200,1200,54,2025-04-08,stochastic,INCREMENTAL_MILP_GAP_REACHED,True,0,0.000227502112055,39313.7536804,39304.8097184,39129.9577544,45,1,576,2880,0>576,0.0471518000013,4.0935929,7.38964445191e-11,20,96,True,True,True
59119.0607225,8938.69250969,11102.8487372,8924.43907388,1526.95341667,5218.07913554,35580.7094645,49926.6797864,85507.3892509,1200,1276.52044804,53,2025-04-09,stochastic,INCREMENTAL_MILP_GAP_REACHED,True,0,0.000484039263852,38128.7013804,38110.2455919,37925.3966397,41,1,576,2880,0>576,0.0384420000009,4.0064796,1.44150272622e-10,20,97,True,True,True
60078.1739588,6925.9193202,13091.0724307,10275.9925322,3323.48206242,6404.89341803,36124.3562884,37538.6379537,73662.9942421,1276.52044804,1640.71615547,53,2025-04-10,stochastic,INCREMENTAL_MILP_GAP_REACHED,True,0,0,38547.0204286,38547.0204286,38249.2067089,28,2,720,2880,0>576>720,0.0631093000047,5.7572701,8.54925019667e-11,20,98,True,True,True
60945.1081619,1.9610979507e-12,13708.0150025,7134.79341264,25449.803455,23605.4329504,36513.640156,1.17764784591e-11,36513.640156,1640.71615547,6050.38142143,0,2025-04-11,stochastic,INCREMENTAL_MILP_GAP_REACHED,True,0,0.000152461627434,38924.2455003,38918.3110465,38702.308481,48,1,576,2880,0>576,0.0370891999992,3.6978408,3.59409568773e-09,20,99,True,True,True
54206.9527509,4.4408920985e-12,8212.72411047,6685.34835124,21831.3962908,21823.0201509,33467.9346627,2.49248586215e-11,33467.9346627,6050.38142143,6013.66828614,0,2025-04-12,stochastic,INCREMENTAL_MILP_GAP_REACHED,True,0,9.40469371876e-05,36057.9153685,36054.524232,35781.4580094,34,1,576,2880,0>576,0.0376411999969,3.81591390001,8.60609361553e-11,20,100,True,True,True
55142.9654407,6189.46559078,8339.95688141,10859.050498,2454.20421667,7120.96194811,33762.4562696,33105.3444681,66867.8007377,6013.66828614,1454.01781493,51,2025-04-13,stochastic,INCREMENTAL_MILP_GAP_REACHED,True,0,0.000108358652416,36110.7613809,36106.8484674,35925.1945451,36,1,576,2880,0>576,0.0426802000002,4.2610357,1.476792022e-10,20,101,True,True,True
58687.018009,5306.44750668,14104.569758,11494.3650678,3089.11998333,5766.10904207,35204.9313985,26793.1719325,61998.103331,1454.01781493,1376.61385519,39,2025-04-14,stochastic,INCREMENTAL_MILP_GAP_REACHED,True,0,5.72509272538e-05,38066.6193414,38064.4399922,37767.9057622,42,1,576,2880,0>576,0.0486908999992,3.9584676,3.58340912499e-10,20,101,True,True,True
57904.5148328,6043.12288628,12315.5663668,9887.47709678,5582.89586221,5797.22375351,34825.9031193,33917.4282544,68743.3313736,1376.61385519,1474.53792222,39,2025-04-15,stochastic,INCREMENTAL_MILP_GAP_REACHED,True,0,0.000102410566138,37348.8238576,37344.9989435,37144.074216,31,1,432,2880,0>432,0.0416283999984,3.9413161,3.99382342157e-10,20,103,True,True,True
59216.9896897,6879.54901328,12589.7923431,10438.8598302,1838.45721667,6327.55702343,35385.9187172,36199.8016585,71585.7203757,1474.53792222,1206.61788638,57,2025-04-16,stochastic,INCREMENTAL_MILP_GAP_REACHED,True,0,0.000356212937978,37848.8437521,37835.3615042,37702.3948497,56,1,576,2880,0>576,0.0414887999978,4.3323119,3.75166564481e-12,20,104,True,True,True
58868.2555837,7018.37924593,12858.1141275,10022.7157049,3538.42165126,6644.47240579,35161.7930588,38437.7490599,73599.5421187,1206.61788638,1642.56981789,46,2025-04-17,stochastic,INCREMENTAL_MILP_GAP_REACHED,True,0,0.000419068912245,37469.6006828,37453.898338,37183.0239502,46,1,432,2880,0>432,0.0371943000027,3.2089722,3.91082721762e-11,20,104,True,True,True
57818.8311276,3.62376795238e-12,14089.3574987,7412.97050707,22954.0407741,21834.2861785,34551.6901305,2.05922106034e-11,34551.6901305,1642.56981789,6086.35767,0,2025-04-18,stochastic,INCREMENTAL_MILP_GAP_REACHED,True,0,0.000659852052464,36722.0682591,36697.837127,36629.4205134,53,1,576,2880,0>576,0.0365615999981,3.1726174,1.34605215862e-09,20,106,True,True,True
53039.0915789,4.46576109425e-12,9088.54736596,7457.30644272,22475.4771713,22147.6942343,32446.9131909,2.381809594e-11,32446.9131909,6086.35767,5980.1542519,0,2025-04-19,stochastic,INCREMENTAL_MILP_GAP_REACHED,True,0,0.000301164321193,34854.1213212,34843.6245035,34730.331714,42,1,576,2880,0>576,0.0359449999996,4.0418111,1.63709046319e-11,20,106,True,True,True
53577.832043,6528.33407896,7992.69152589,10694.4513309,4126.97846424,6723.20257935,32639.8286591,34632.4965012,67272.3251603,5980.1542519,1290.85292424,48,2025-04-20,stochastic,INCREMENTAL_MILP_GAP_REACHED,True,0,0.000283834991009,35006.5279946,34996.5919171,34939.0615067,35,1,576,2880,0>576,0.0366639000022,4.5998416,1.0759322322e-09,20,108,True,True,True
57761.4515266,4309.71578707,15065.0306861,12255.2021752,3945.23086255,6799.19755688,34360.2088222,20241.8559911,54602.0648133,1290.85292424,1232.48923601,38,2025-04-21,stochastic,INCREMENTAL_MILP_GAP_REACHED,True,0,0.00031891861907,36508.4024352,36496.7592259,36433.4154297,53,1,576,2880,0>576,0.0374706000002,4.8853981,2.54681253864e-09,20,108,True,True,True
56027.332551,7038.37308553,12205.1364852,9909.13227983,3758.44508333,4858.32703113,33506.572222,37338.6358383,70845.2080603,1232.48923601,1206.96509508,47,2025-04-22,stochastic,INCREMENTAL_MILP_GAP_REACHED,True,0,0.0003670733579,36117.5647786,36104.3069828,35988.7205864,37,1,576,2880,0>576,0.0418090000021,3.9610698,6.31962393527e-09,20,110,True,True,True
56373.6440817,6352.73836188,12265.6310279,9779.18061407,4062.41357121,4777.60174186,33718.6877328,34922.5369205,68641.2246532,1206.96509508,1380.27678235,39,2025-04-23,stochastic,INCREMENTAL_MILP_GAP_REACHED,True,0,0.000689895846031,36207.5358522,36182.5564236,36031.9419844,36,1,576,2880,0>576,0.0373301999971,8.8386844,9.96806193143e-10,20,111,True,True,True
55590.2409448,3878.31729811,15641.0819472,12496.998392,4107.3994967,5126.96849105,33153.7955331,18656.1004044,51809.8959375,1380.27678235,1571.6967659,34,2025-04-24,stochastic,INCREMENTAL_MILP_GAP_REACHED,True,0,0.000645547277087,35637.6179587,35614.6121914,35427.1713817,32,1,576,2880,0>576,0.0384161000002,4.5502627,6.08224581811e-11,20,111,True,True,True
55089.5142533,2.92743607133e-12,14197.1406062,7471.07316523,26389.4245981,19973.6645642,32858.9425321,1.60335957844e-11,32858.9425321,1571.6967659,6047.93090571,0,2025-04-25,stochastic,INCREMENTAL_MILP_GAP_REACHED,True,0,0.000136289788797,35503.4359141,35498.5971583,35322.0859863,37,1,432,2880,0>432,0.0372335999964,4.4356088,3.56521923095e-09,20,113,True,True,True
49359.4395007,2.70716782325e-12,8922.71024524,7251.35958655,28998.9933754,18618.9018333,30324.3679501,1.42305012218e-11,30324.3679501,6047.93090571,6021.30391915,0,2025-04-26,stochastic,INCREMENTAL_MILP_GAP_REACHED,True,0,4.55332496331e-05,32953.8100966,32952.3096025,32768.3441897,33,1,432,2880,0>432,0.0362687000015,4.4819177,9.71340341493e-10,20,114,True,True,True
47903.9097064,7628.65293125,7887.36839928,10545.8504025,5139.53205435,4478.0414032,29650.8974739,39711.1168773,69362.0143512,6021.30391915,1402.32392013,60,2025-04-27,stochastic,INCREMENTAL_MILP_GAP_REACHED,True,0,0.000108833917537,31885.4306175,31881.9604012,31797.8437547,20,1,576,2880,0>576,0.0379902000022,5.1906368,3.35944605467e-10,20,115,True,True,True
54313.3065527,10326.0859812,9729.79985974,7903.95025374,1185.72906167,5005.84654953,32536.2196373,56847.8863972,89384.1060345,1402.32392013,1376.97684529,63,2025-04-28,stochastic,INCREMENTAL_MILP_GAP_REACHED,True,0,6.76734559322e-07,34762.7104714,34762.6869462,34729.7012205,50,1,576,2880,0>576,0.036266199997,3.0305783,1.35059963213e-10,20,116,True,True,True
54058.8052233,5921.28173024,13346.1608621,10708.4649382,5200.60588333,4708.57142968,32466.754441,31019.5104589,63486.2648999,1376.97684529,1490.22724533,47,2025-04-29,stochastic,INCREMENTAL_MILP_GAP_REACHED,True,0,2.11033134817e-05,35011.5892847,35010.8504241,34863.6934278,47,1,432,2880,0>432,0.0385761999969,3.3244333,7.05767888576e-10,20,116,True,True,True
53947.7883754,5255.84784227,13503.4155896,11177.9679917,3788.01719495,4833.31699146,32403.00192,26823.2964145,59226.2983345,1490.22724533,1223.33684077,42,2025-04-30,stochastic,INCREMENTAL_MILP_GAP_REACHED,True,0,2.71902560222e-06,35657.8134358,35657.7164813,35278.3922241,51,1,432,2880,0>432,0.0359561000005,3.1257071,9.54925029749e-09,20,117,True,True,True
52778.2862649,10146.5890689,12821.2085637,10271.3088969,5261.35937653,4102.23749048,32020.5336636,52498.5775844,84519.111248,1223.33684077,1349.85910714,66,2025-05-01,stochastic,INCREMENTAL_MILP_GAP_REACHED,True,0,0.000106627997363,34352.927767,34349.2647831,34237.2948761,27,1,432,2880,0>432,0.0385117999977,5.1750759,2.29078978009e-10,20,119,True,True,True
53868.4445317,3.03135294644e-12,15948.683788,8611.48090476,17228.4630613,15012.4585038,32848.3006247,1.32671029718e-11,32848.3006247,1349.85910714,6135.36239995,0,2025-05-02,stochastic,INCREMENTAL_MILP_GAP_REACHED,True,0,0.000989396377293,36388.6254811,36352.6227068,36022.1757548,44,1,432,2880,0>432,0.0367380999996,4.9363583,4.54747350886e-11,20,120,True,True,True
49483.5006875,2.20978790821e-12,10382.347649,8539.17875217,22352.3758403,16420.7843004,31202.7171417,1.20676304505e-11,31202.7171417,6135.36239995,5991.49889272,0,2025-05-03,stochastic,INCREMENTAL_MILP_GAP_REACHED,True,0,0.000349067257873,35012.5770735,35000.3553292,34528.1434801,29,1,432,2880,0>432,0.035313299999,2.9154662,4.49631443189e-10,20,121,True,True,True
51936.8081847,5498.69627454,8044.91418108,10828.7294901,4006.84838333,4477.80405164,32377.2689859,31416.9618425,63794.2308284,5991.49889272,1200,40,2025-05-04,stochastic,INCREMENTAL_MILP_GAP_REACHED,True,0,0.00026930403136,36054.9268211,36045.217084,35627.7401059,38,1,432,2880,0>432,0.036890600004,3.9628197,4.28258317697e-10,20,121,True,True,True
57629.5639514,8642.63129265,12874.7740936,10391.2835084,3861.21402481,4851.48383412,35279.3596233,44770.5042189,80049.8638422,1200,1241.42611929,58,2025-05-05,stochastic,INCREMENTAL_MILP_GAP_REACHED,True,0,0.000511684516658,38496.4394801,38476.7414481,38143.1449681,49,1,432,2880,0>432,0.0347469999979,4.9040772,4.72175543109e-09,20,123,True,True,True
58295.9571075,6714.03546408,13539.4260932,10966.7331894,3973.21702923,5594.00027187,35901.8308776,32211.3726555,68113.2035331,1241.42611929,1241.65050386,57,2025-05-06,stochastic,INCREMENTAL_MILP_GAP_REACHED,True,0,0.000402406656374,38711.0848811,38695.5072829,38424.0409977,54,1,576,2880,0>576,0.0362771,3.8193412,2.76259015664e-11,20,124,True,True,True
58573.3964664,7626.83744142,11839.4669195,9408.61447431,3263.45835182,5438.07716085,36258.5814594,40591.5945331,76850.1759925,1241.65050386,1443.15464884,53,2025-05-07,stochastic,INCREMENTAL_MILP_GAP_REACHED,True,0,8.19134210006e-05,39455.039123,39451.8072258,39034.1577934,41,1,432,2880,0>432,0.0368204000006,3.2369686,5.45696821064e-12,20,125,True,True,True
59121.1979394,6975.81185705,10880.7536817,8522.4760275,2361.3742,5550.84554229,36864.5714473,39458.0090423,76322.5804896,1443.15464884,1766.41515399,44,2025-05-08,stochastic,INCREMENTAL_MILP_GAP_REACHED,True,0,5.30847087085e-07,39070.8045776,39070.7838369,38982.0337324,25,2,576,2880,0>432>576,0.0581648000007,6.2692627,2.41243469645e-10,20,126,True,True,True
58995.2227267,2.35544916904e-12,13488.9426403,6999.87673762,22339.9411025,21666.8298716,36391.6895704,1.31313413476e-11,36391.6895704,1766.41515399,6128.82271071,0,2025-05-09,stochastic,INCREMENTAL_MILP_GAP_REACHED,True,0,1.40704344487e-05,38453.8510984,38453.310036,38324.8968626,30,2,576,2880,0>432>576,0.0589854000027,5.8394681,5.11590769747e-11,20,127,True,True,True
54413.8356457,2.6734170433e-12,8064.07707869,6597.69072619,19044.3669982,21782.0370116,34704.9212154,1.49094843138e-11,34704.9212154,6128.82271071,6055.72460799,0,2025-05-10,stochastic,INCREMENTAL_MILP_GAP_REACHED,True,0,0.000243703194738,37644.4283451,37635.2542777,37334.2557588,27,1,576,2880,0>576,0.0376499999984,3.4868534,6.16068973613e-10,20,128,True,True,True
54705.1847882,5336.28920962,7992.48898341,10215.0792974,2039.42968333,4740.55554518,34805.8541678,30929.8943104,65735.7484782,6055.72460799,1898.87658481,40,2025-05-11,stochastic,INCREMENTAL_MILP_GAP_REACHED,True,0,2.77273474315e-05,38103.6444103,38102.5878973,37646.3566659,27,2,576,2880,0>432>576,0.0556289000015,6.8946425,3.51064954884e-08,20,129,True,True,True
60059.8908179,4599.15702878,10133.543436,8324.38045363,4143.86692941,6774.82270151,37099.3887799,27204.8747885,64304.2635684,1898.87658481,1769.75406209,39,2025-05-12,stochastic,INCREMENTAL_MILP_GAP_REACHED,True,0,0.000106512255379,39852.4008377,39848.1560686,39461.8383206,37,1,720,2880,0>720,0.0384628999964,4.3190159,2.61024979409e-10,20,129,True,True,True
59271.8845413,5015.07977317,11941.3309151,9640.2664165,2756.23906667,6100.44798251,36780.0233515,27137.1638214,63917.1871729,1769.75406209,1805.54475624,27,2025-05-13,stochastic,INCREMENTAL_MILP_GAP_REACHED,True,0,0.000177968884535,38913.4400752,38906.5146936,38834.9421061,26,2,576,2880,0>432>576,0.0594068000028,7.8930559,7.13953340892e-11,20,130,True,True,True
59602.767851,4920.07930854,12089.2019279,9864.58327908,2828.70821667,6455.37151071,36814.067742,25031.7923205,61845.8600626,1805.54475624,1725.17840347,36,2025-05-14,stochastic,INCREMENTAL_MILP_GAP_REACHED,True,0,0.000134890230028,39983.1827987,39977.789458,39600.2188461,32,2,576,2880,0>432>576,0.057617399998,7.4193335,1.93267624127e-10,20,130,True,True,True
59494.6735086,6533.26372411,10798.857256,8506.10511724,4047.77484367,6922.35196693,36600.7291485,34807.0365413,71407.7656898,1725.17840347,1992.92202585,44,2025-05-15,stochastic,INCREMENTAL_MILP_GAP_REACHED,True,0,0.000146700919646,39783.2441526,39777.407914,39394.4316605,27,1,576,2880,0>576,0.0372700999942,3.6076651,5.49107426195e-11,20,133,True,True,True
57749.9743939,2.40518716055e-12,12878.9614184,6819.9918309,27072.042011,21903.4562621,35282.0859979,1.43405074482e-11,35282.0859979,1992.92202585,6006.21860143,0,2025-05-16,stochastic,INCREMENTAL_MILP_GAP_REACHED,True,0,1.99608216957e-06,38555.9778435,38555.9008826,38245.2584388,42,1,576,2880,0>576,0.0372345000033,3.6062319,4.84177443732e-09,20,134,True,True,True
52157.3843218,2.03498329299e-12,8597.86433578,6981.69034553,20099.4313783,19992.9798699,33201.4606853,1.01615163506e-11,33201.4606853,6006.21860143,5986.86278638,0,2025-05-17,stochastic,INCREMENTAL_MILP_GAP_REACHED,True,0,9.98190494477e-05,36203.6951601,36200.0813416,35852.0964313,33,1,576,2880,0>576,0.0368933000027,5.6219552,1.84854798135e-10,20,135,True,True,True
52413.6257359,6525.68511625,7183.17798674,9873.3127743,3378.31944137,4574.95809835,32962.9188779,37078.1558754,70041.0747533,5986.86278638,1481.37544745,32,2025-05-18,stochastic,INCREMENTAL_MILP_GAP_REACHED,True,0,0.000210082729633,36142.0748373,36134.4820115,35823.5498528,23,1,576,2880,0>576,0.0358388999994,5.3239355,3.12880578775e-10,20,136,True,True,True
56319.6016744,3649.39110217,14997.4289243,12058.9241798,4105.12471968,5410.14676239,34837.9238801,17169.3622809,52007.286161,1481.37544745,1580.2568351,27,2025-05-19,stochastic,INCREMENTAL_MILP_GAP_REACHED,True,0,0.000316184130447,37877.4152699,37865.4390323,37469.653411,33,1,432,2880,0>432,0.0363440999972,5.5995688,1.27329258248e-11,20,136,True,True,True
56379.1830041,8423.09997622,9141.34346275,7549.45341431,3278.02912092,5404.9689943,34822.7999335,48305.9508086,83128.750742,1580.2568351,1419.18438012,39,2025-05-20,stochastic,INCREMENTAL_MILP_GAP_REACHED,True,0,0.000509893434554,38050.7208721,38031.3190593,37693.5404798,45,1,432,2880,0>432,0.0368847000027,4.9966076,2.80238054984e-10,20,138,True,True,True
56398.8170143,5371.67086721,12881.9624448,10374.3197477,2554.39189222,5345.83800879,34755.089454,28970.2969804,63725.3864344,1419.18438012,1485.92863857,38,2025-05-21,stochastic,INCREMENTAL_MILP_GAP_REACHED,True,0,0.000496727337441,37160.1936058,37141.7351218,37096.2200677,34,1,432,2880,0>432,0.0375891000003,5.464125,1.36424205266e-10,20,139,True,True,True
57351.4644229,5976.75237598,11968.0782816,9187.75949741,3723.88473092,6007.3824671,35360.3171593,32204.5186962,67564.8358555,1485.92863857,2048.57742823,40,2025-05-22,stochastic,INCREMENTAL_MILP_GAP_REACHED,True,0,0.00067532307092,38346.0483744,38320.1524033,38050.1675174,31,1,576,2880,0>576,0.0374697000007,4.2564337,1.3869794202e-10,20,139,True,True,True
56410.7729594,2.25952589972e-12,12604.3153069,6423.82959767,22829.7329558,20979.6054109,35052.9124491,1.20640457624e-11,35052.9124491,2048.57742823,6254.87276262,0,2025-05-23,stochastic,INCREMENTAL_MILP_GAP_REACHED,True,0,0.000635177538804,38043.9617393,38019.7970693,37757.0986241,36,1,432,2880,0>432,0.0371232999969,4.7454695,5.35339950147e-09,20,140,True,True,True
51357.9684536,2.97717406283e-12,8050.3789688,6713.62563513,25479.0483089,20787.6654276,32724.2937802,1.58712190057e-11,32724.2937802,6254.87276262,6040.6297955,0,2025-05-24,stochastic,INCREMENTAL_MILP_GAP_REACHED,True,0,0.000168532834937,34965.5102734,34959.6174368,34927.6499152,24,1,576,2880,0>576,0.0360674000003,5.1194707,1.13186615636e-09,20,139,True,True,True
51730.7021734,3939.43815507,8180.74116092,10273.7038297,4089.38839656,5128.70441743,32839.7101795,22736.7439415,55576.4541211,6040.6297955,1988.07036283,30,2025-05-25,stochastic,INCREMENTAL_MILP_GAP_REACHED,True,0,0.000219929288832,34917.0907037,34909.4114128,34898.9632285,17,1,576,2880,0>576,0.0358864000009,4.6392473,8.73114913702e-11,20,143,True,True,True
55153.112771,7989.71214706,9675.96364889,8276.67013982,1364.32756989,5799.37088909,34333.7882394,43014.3741478,77348.1623872,1988.07036283,1500.13749148,44,2025-05-26,stochastic,INCREMENTAL_MILP_GAP_REACHED,True,0,0.000960265150203,36987.1460529,36951.6285855,36666.4518855,33,1,576,2880,0>576,0.0356971999972,10.3668749,1.18618572742e-08,20,144,True,True,True
56007.6829293,4780.39319676,12129.4366333,9784.47449914,3172.87015626,5879.8765356,34877.3559514,24614.7900503,59492.1460017,1500.13749148,1544.99212906,29,2025-05-27,stochastic,INCREMENTAL_MILP_GAP_REACHED,True,0,0.000244067157997,37068.0717381,37059.0246392,37033.6117773,34,1,432,2880,0>432,0.0374432999997,5.2258743,8.04902811069e-11,20,143,True,True,True
55201.0416479,6166.58332169,11693.5302768,9451.65365284,1364.19956667,5487.72467891,34343.2403884,31804.3207635,66147.5611518,1544.99212906,1567.33198614,42,2025-05-28,stochastic,INCREMENTAL_MILP_GAP_REACHED,True,0,0.000461881491756,36512.7409899,36495.8764306,36470.3905312,34,1,432,2880,0>432,0.0353254000001,4.8885198,3.49814399669e-10,20,146,True,True,True
56185.2042491,8113.49938767,10603.4902049,8307.28564455,2061.48700135,5830.88857513,34599.7987422,43864.3032791,78464.1020213,1567.33198614,1880.15578769,41,2025-05-29,stochastic,INCREMENTAL_MILP_GAP_REACHED,True,0,0.000787679323048,36991.0500755,36961.9129903,36897.0575857,25,1,432,2880,0>432,0.0362510000014,5.6933218,1.69052327692e-10,20,147,True,True,True
56333.5843817,1.35003119794e-12,12901.2982651,6675.83433948,22687.3501263,20824.5370632,34696.8649013,8.44052294724e-12,34696.8649013,1880.15578769,6073.73051571,0,2025-05-30,stochastic,INCREMENTAL_MILP_GAP_REACHED,True,0,0.000256214928515,36932.2766937,36922.8140931,36858.2361681,20,1,576,2880,0>576,0.0345169000029,4.8462779,1.81785253517e-10,20,147,True,True,True
51701.2042912,3.06954461848e-12,8252.97408945,6898.09653524,20882.9102185,21074.2349686,32454.4118252,1.78229981884e-11,32454.4118252,6073.73051571,5836.8554904,0,2025-05-31,stochastic,INCREMENTAL_MILP_GAP_REACHED,True,0,0.000361017010652,34686.161644,34673.6393496,34578.6713552,23,1,576,2880,0>576,0.0363664000033,3.7525052,2.9409338147e-10,20,149,True,True,True
52864.4064916,18715.2557508,3015.62527785,6615.82641641,2.04225,3952.99483095,33308.9506989,99054.0609896,132363.011689,5836.8554904,1200,98,2025-06-01,stochastic,INCREMENTAL_MILP_GAP_REACHED,True,0,0.000587465115573,35438.8643232,35418.0452267,35319.1710678,26,2,576,2880,0>432>576,0.0584649000011,8.6827301,2.73985278909e-11,20,149,True,True,True
63365.7814986,17971.4001364,8854.28075958,7031.21553552,3122.32878333,7750.98017765,38239.9323986,94290.6093518,132530.54175,1200,1356.39097749,85,2025-06-02,stochastic,INCREMENTAL_MILP_GAP_REACHED,True,0,0.000499944426888,42951.3828466,42929.9095421,42409.0809112,49,1,576,2880,0>576,0.0354765000011,5.6622437,9.91349224932e-11,20,151,True,True,True
66701.6519207,13882.2304963,11049.3630633,8687.38248466,897.326133333,9132.20887167,40291.8963595,72220.6823924,112512.578752,1356.39097749,1648.17052926,84,2025-06-03,stochastic,INCREMENTAL_MILP_GAP_REACHED,True,0,0.000547993189635,45955.3108566,45930.1276593,45466.8055774,72,1,576,2880,0>576,0.0369867000009,6.68945289999,2.94562596537e-10,20,152,True,True,True
65174.2462562,14316.7070214,8164.64371527,7016.71488571,940.452,7757.31163141,40005.9497963,74822.667931,114828.617727,1648.17052926,1200,94,2025-06-04,stochastic,INCREMENTAL_MILP_GAP_REACHED,True,0,0.000888135727095,44254.3413257,44215.0374641,43978.3460053,47,1,576,2880,0>576,0.0362823999967,11.4367362,3.61524143955e-11,20,152,True,True,True
72271.2508508,12354.9701577,12403.1226452,9204.57270209,765.424666667,9512.92838205,44313.1376776,62301.8796638,106615.017341,1200,2135.50737833,66,2025-06-05,stochastic,INCREMENTAL_MILP_GAP_REACHED,True,0,0.00089008294575,49978.3803329,49933.8954289,49543.1844816,82,1,576,2880,0>576,0.0384951999986,5.9752132,2.18278728426e-11,20,154,True,True,True
77010.496336,3.30757643496e-12,12434.0401718,6572.61549845,11683.8429178,28610.2333448,47912.844037,1.71732512655e-11,47912.844037,2135.50737833,6023.23742357,0,2025-06-06,stochastic,INCREMENTAL_MILP_GAP_REACHED,True,0,0.000420871997771,52488.9686702,52466.8775331,52110.8169292,82,1,576,2880,0>576,0.037405199997,3.729119,1.17893250717e-09,20,155,True,True,True
76558.0835954,2.70716782325e-12,7374.36075249,5993.19099909,9706.20838045,34344.1922949,48900.1046227,1.45238168159e-11,48900.1046227,6023.23742357,6001.06099071,0,2025-06-07,stochastic,INCREMENTAL_MILP_GAP_REACHED,True,0,0.000317370915258,53543.561436,53526.5682669,53123.2768337,70,1,576,2880,0>576,0.0364862999995,3.4588168,5.32054400537e-11,20,155,True,True,True
75767.0809851,2250.97843167,9805.9145728,11557.1977094,2699.31771667,11885.10157,48262.7045053,13127.6060044,61390.3105097,6001.06099071,1985.05331804,18,2025-06-08,stochastic,INCREMENTAL_MILP_GAP_REACHED,True,0,0.000150093344675,52181.0391508,52173.2071241,52086.9701451,61,1,576,2880,0>576,0.0358569000018,5.3455156,2.90538082481e-08,20,157,True,True,True
84328.2981684,6269.47477211,13061.2526668,9782.16342782,1101.66106667,15284.3099016,53355.5648955,33703.2331361,87058.7980316,1985.05331804,2871.11024283,42,2025-06-09,stochastic,INCREMENTAL_MILP_GAP_REACHED,True,0,0.000263507640246,57425.2040904,57410.0721104,57128.8057223,59,1,720,2880,0>720,0.0369925999985,3.7129147,2.7212081477e-09,20,157,True,True,True
79444.9530576,6561.91411222,13304.8542765,11159.1312624,712.9816,11529.7183225,49814.0564204,34787.3603876,84601.4168081,2871.11024283,2446.44435561,42,2025-06-10,stochastic,INCREMENTAL_MILP_GAP_REACHED,True,0,0.000309848143322,55109.9807634,55092.9050381,54796.4942343,71,1,576,2880,0>576,0.0373597000034,5.1377616,1.84854798135e-10,20,159,True,True,True
78795.613879,10127.309275,15385.1588686,12416.1535056,336.687083333,9532.78439101,49426.7399722,51358.6472792,100785.387251,2446.44435561,2497.36121997,50,2025-06-11,stochastic,INCREMENTAL_MILP_GAP_REACHED,True,0,0.000435169519797,56682.0879666,56657.4216496,56228.7709843,82,1,576,2880,0>576,0.0363913000001,4.4581522,2.06523657688e-11,20,160,True,True,True
85112.3799429,6251.74233665,13531.8692425,10378.396641,672.9863,15085.2719447,54192.0844477,33524.2924521,87716.3768998,2497.36121997,3144.49171489,36,2025-06-12,stochastic,INCREMENTAL_MILP_GAP_REACHED,True,0,0.000477516743169,58506.1492751,58478.2116093,58107.8394389,81,1,576,2880,0>576,0.0372194999982,3.8956587,1.16642695502e-10,20,161,True,True,True
83096.4717776,1.54543045028e-12,10971.6444385,6263.21964428,10778.6493343,39264.0839491,52702.9406823,9.5404306677e-12,52702.9406823,3144.49171489,6059.83877143,0,2025-06-13,stochastic,INCREMENTAL_MILP_GAP_REACHED,True,0,0.000315754736068,57827.878913,57809.6194863,57469.8289317,77,1,576,2880,0>576,0.036220799997,4.3299733,1.56924215844e-08,20,160,True,True,True
78231.2153916,1.67688085639e-12,7072.47398857,5744.27541702,13296.6583923,37413.0156777,50506.0282866,1.08354356598e-11,50506.0282866,6059.83877143,6042.53712,0,2025-06-14,stochastic,INCREMENTAL_MILP_GAP_REACHED,True,0,0.000768717495202,56396.6282095,56353.2751348,55919.6738024,66,1,576,2880,0>576,0.0397019000011,4.3446629,3.45607986674e-11,20,162,True,True,True
75415.7079933,5303.99657431,11351.7543565,12802.6753552,53.7340333333,11489.9171996,47861.1687537,29484.5669158,77345.7356695,6042.53712,2033.92120172,36,2025-06-15,stochastic,INCREMENTAL_MILP_GAP_REACHED,True,0,0.000594685473624,53462.0060569,53430.2129785,53097.1181517,66,1,576,2880,0>576,0.0544406000008,4.4886207,6.213326742e-09,20,164,True,True,True
81193.7398359,7105.10382115,15208.8618842,11683.9672354,704.896783333,11374.9994082,50835.3931376,36945.1183638,87780.5115014,2033.92120172,2739.71108038,44,2025-06-16,stochastic,INCREMENTAL_MILP_GAP_REACHED,True,0,0.000659209720936,57406.7602583,57368.9171639,56861.2881039,86,1,576,2880,0>576,0.0369852000003,4.0154569,4.97936980537e-09,20,165,True,True,True
81633.1942529,7735.52512169,13169.5043597,11213.0755348,109.536583333,12665.7427496,51774.334555,40488.6187004,92262.9532555,2739.71108038,2133.2921877,55,2025-06-17,stochastic,INCREMENTAL_MILP_GAP_REACHED,True,0,0.000145998119294,56088.8524627,56080.6635957,55911.9863821,68,1,576,2880,0>576,0.0388836999991,6.0644056,1.09821485239e-10,20,166,True,True,True
86602.7153815,3833.52824866,13142.6762915,10119.0694787,298.992316667,16185.2536007,55288.1860864,20983.804281,76271.9903674,2133.2921877,2718.29031817,27,2025-06-18,stochastic,INCREMENTAL_MILP_GAP_REACHED,True,0,0.000466376158896,59305.8922687,59278.2334145,58911.6255316,54,1,576,2880,0>576,0.0381205000012,3.9929266,4.47926140623e-11,20,166,True,True,True
84524.9790488,4554.03077516,14069.9828318,10978.6936993,1370.9694,16357.2470914,53871.2339183,22130.8053829,76002.0393012,2718.29031817,3182.7263121,30,2025-06-19,stochastic,INCREMENTAL_MILP_GAP_REACHED,True,0,0.000428733974446,58268.1925446,58243.2109908,57871.2551191,76,1,576,2880,0>576,0.0381637999999,5.0446486,1.61094249052e-09,20,168,True,True,True
78177.5749435,1.84741111298e-12,11239.977454,6434.2794315,14506.568089,36464.727982,49237.8352652,9.56316625889e-12,49237.8352652,3182.7263121,6149.50665241,0,2025-06-20,stochastic,INCREMENTAL_MILP_GAP_REACHED,True,0,0.00073323492288,54777.0377275,54736.8732905,54282.8634448,72,1,576,2880,0>576,0.0375459999996,4.1358168,8.45716385811e-10,20,169,True,True,True
76392.5710906,1.44240175359e-12,7368.32098521,6070.97851376,17242.4341357,38518.0540834,49076.5561244,6.65874466677e-12,49076.5561244,6149.50665241,6035.46385714,0,2025-06-21,stochastic,INCREMENTAL_MILP_GAP_REACHED,True,0,0.00038380367159,54988.318349,54967.2136305,54561.1889599,66,1,576,2880,0>576,0.037013000001,3.9656999,1.41426426126e-10,20,170,True,True,True
73613.5161877,4044.86114218,10293.4564115,12187.3781816,1150.77667302,10944.1813269,46845.4644978,23658.4857539,70503.9502517,6035.46385714,1758.04331466,28,2025-06-22,stochastic,INCREMENTAL_MILP_GAP_REACHED,True,0,0.000193885813559,51012.7505766,51002.859928,50833.7124883,54,1,720,2880,0>720,0.0381902000008,4.7881807,1.58820512297e-10,20,171,True,True,True
79888.0398199,5715.31205626,15290.162758,11557.7579456,1758.14002542,13051.5210384,50173.129904,30334.6456646,80507.7755686,1758.04331466,2677.23652391,45,2025-06-23,stochastic,INCREMENTAL_MILP_GAP_REACHED,True,0,0.000259767395555,56068.2523904,56053.6876865,55633.600513,81,1,576,2880,0>576,0.0381904999995,6.1301994,4.44056075091e-08,20,172,True,True,True
77792.2011936,11476.6424313,12778.6554121,10536.831871,1.70530256582e-13,10758.2278339,48776.3751398,58629.8990544,107406.274194,2677.23652391,2470.43542695,59,2025-06-24,stochastic,INCREMENTAL_MILP_GAP_REACHED,True,0,0.000394604749207,54641.1112961,54619.549654,54180.9180696,79,1,576,2880,0>576,0.0400502000011,5.3378901,6.67281255187e-10,20,173,True,True,True
79341.1942926,6808.84598601,12766.2218881,10606.6162398,63.9702,13489.0430636,49939.5343297,35577.8748534,85517.4091831,2470.43542695,2174.90597095,41,2025-06-25,stochastic,INCREMENTAL_MILP_GAP_REACHED,True,0,0.000656858090267,52811.253415,52776.5639159,52703.9604531,76,1,576,2880,0>576,0.0384709999998,4.1381978,3.40378392139e-10,20,174,True,True,True
79315.4714494,5966.9333534,15298.5905038,11974.1878317,1163.8323,13246.7859974,49434.5983494,29696.4647255,79131.0630749,2174.90597095,2638.98427804,38,2025-06-26,stochastic,INCREMENTAL_MILP_GAP_REACHED,True,0,0.000433439330867,55361.5097239,55337.5138682,54981.199566,79,1,576,2880,0>576,0.0393505000029,4.4288337,1.35242475436e-10,20,174,True,True,True
78894.8994326,2.45847786573e-12,11528.7896598,6285.14080238,15780.6857753,38098.9189332,49375.2988513,1.56034758447e-11,49375.2988513,2638.98427804,6031.40519143,0,2025-06-27,stochastic,INCREMENTAL_MILP_GAP_REACHED,True,0,0.000216842175633,54382.8007923,54371.0083075,54086.4016001,82,1,576,2880,0>576,0.0375028000017,5.1286837,9.73159330897e-11,20,176,True,True,True
77671.285597,1.35846889293e-12,6297.64336866,5154.25495125,16977.6546167,37773.3164463,50255.9716718,7.36289162973e-12,50255.9716718,6031.40519143,5972.33427738,0,2025-06-28,stochastic,INCREMENTAL_MILP_GAP_REACHED,True,0,0.000512389077096,54262.8045624,54235.0008941,53862.2682203,41,2,720,2880,0>576>720,0.0581852999967,7.9769282,1.66551217262e-10,20,176,True,True,True
73727.9312822,5535.2182206,10197.7749168,11322.0747369,1075.87295,10043.8078395,47042.1729856,30764.9635132,77807.1364988,5972.33427738,2570.24866159,33,2025-06-29,stochastic,INCREMENTAL_MILP_GAP_REACHED,True,0,0.000314654978619,51104.4685053,51088.3882298,50772.0128996,63,1,576,2880,0>576,0.0372373000027,4.2714113,3.15029811856e-09,20,178,True,True,True
78051.7321881,6774.42842455,12853.8658063,10993.8274263,797.174316667,12291.2639326,48792.6997301,34296.1860394,83088.8857694,2570.24866159,1923.36408032,50,2025-06-30,stochastic,INCREMENTAL_MILP_GAP_REACHED,True,0,0.000281556605056,52600.9805795,52586.170426,52450.4042351,79,1,576,2880,0>576,0.0364710000031,4.7207704,3.28554961015e-11,20,178,True,True,True
76023.5746448,14931.5131264,11913.6113977,10301.0529044,271.634783333,10204.3504613,46947.1497515,70020.6899099,116967.839661,1923.36408032,1200,87,2025-07-01,stochastic,INCREMENTAL_MILP_GAP_REACHED,True,0,0.000741291225816,51564.095769,51525.8717573,51252.4888892,76,1,576,2880,0>576,0.0374665999952,7.2444867,6.70752342558e-11,20,180,True,True,True
77985.333004,9224.6152344,13689.5287445,10942.7901236,1534.05595,10024.3873007,48392.551615,43425.0608661,91817.6124811,1200,1361.92017725,63,2025-07-02,stochastic,INCREMENTAL_MILP_GAP_REACHED,True,0,0.000472068084562,52649.7051086,52624.8508631,52327.9279787,73,1,432,2880,0>432,0.0355187999994,7.377383,3.10054491553e-11,20,181,True,True,True
77088.5746093,13596.2435784,11509.4662504,9012.34555289,198.048883333,8229.22967354,48494.2853635,68203.6757362,116697.9611,1361.92017725,1706.72252167,78,2025-07-03,stochastic,INCREMENTAL_MILP_GAP_REACHED,True,0,0.000400500696994,51577.4875905,51556.8307707,51383.0707422,30,1,576,2880,0>576,0.0366082999972,6.5402019,1.25896804093e-09,20,182,True,True,True
78434.3242451,3.01270119962e-12,14236.1762703,7563.23144286,17322.8509387,25557.6610123,49574.6055693,1.82807866622e-11,49574.6055693,1706.72252167,6115.69067288,0,2025-07-04,stochastic,INCREMENTAL_MILP_GAP_REACHED,True,0,0.000365617249537,53815.8727703,53796.196759,53423.6333596,50,1,432,2880,0>432,0.0341274999992,5.2800358,7.16227077646e-12,20,183,True,True,True
75813.1252117,9.66338120634e-13,7568.44274408,6275.84958102,18776.0086228,26954.4434592,49509.7846607,4.33666969002e-12,49509.7846607,6115.69067288,5954.12294143,0,2025-07-05,stochastic,INCREMENTAL_MILP_GAP_REACHED,True,0,0.000255941814329,52643.5698362,52630.0961455,52362.8290617,45,1,576,2880,0>576,0.0351904999989,5.5220117,6.94399204804e-10,20,184,True,True,True
76818.1820986,10966.5099583,7298.29025029,9275.83629012,1102.29895,8865.95759679,50122.9180144,57297.6747029,107420.592717,5954.12294143,2216.09939989,65,2025-07-06,stochastic,INCREMENTAL_MILP_GAP_REACHED,True,0,0.000668878933516,53399.6610778,53363.9431695,53054.3387587,50,1,576,2880,0>576,0.0392849999989,4.62217520001,1.25055521494e-11,20,185,True,True,True
82283.3681864,3843.75993051,14408.0206835,11947.9030912,1335.21501667,8922.31274127,52783.1795908,17388.3243927,70171.5039835,2216.09939989,1907.87013598,31,2025-07-07,stochastic,INCREMENTAL_MILP_GAP_REACHED,True,0,0.000530672894034,56573.4961383,56543.4741174,56200.9323702,50,1,576,2880,0>576,0.0361376000001,6.2089219,1.42052851025e-10,20,186,True,True,True
83695.0974017,6751.04929146,15130.3573275,11956.4542632,1320.77841667,10380.0781956,53307.5940442,34794.347862,88101.9419061,1907.87013598,2240.24254937,45,2025-07-08,stochastic,INCREMENTAL_MILP_GAP_REACHED,True,0,0.000540620884862,57560.1023157,57528.9841222,57288.4020273,69,1,576,2880,0>576,0.0382707999997,4.9562966,7.12109116014e-10,20,187,True,True,True
84582.692341,5543.55258795,13778.132893,10404.5935879,2226.2666,10467.7140072,54771.8493641,28647.4086089,83419.257973,2240.24254937,3079.90261093,30,2025-07-09,stochastic,INCREMENTAL_MILP_GAP_REACHED,True,0,0.000276861843102,57099.8055893,57083.9968319,56937.5010758,56,1,720,2880,0>720,0.0380778000035,5.7689567,1.54386725626e-10,20,188,True,True,True
79515.6348867,5850.29855271,12702.5270463,11548.841287,2365.5713368,8993.05295999,50631.6615193,31161.8404028,81793.501922,3079.90261093,1680.13107814,49,2025-07-10,stochastic,INCREMENTAL_MILP_GAP_REACHED,True,0,0.000558985503778,55073.0522385,55042.2672007,54745.618191,51,1,576,2880,0>576,0.0364211000015,4.7007092,1.33559296955e-09,20,189,True,True,True
79552.6742053,3.43192141372e-12,13851.2122925,7288.98582143,13079.7677989,27391.9027853,50402.8923161,1.85716828582e-11,50402.8923161,1680.13107814,6047.34900643,0,2025-07-11,stochastic,INCREMENTAL_MILP_GAP_REACHED,True,0,8.38322993629e-05,53638.0089696,53633.512372,53412.6436738,39,1,576,2880,0>576,0.0364704000021,4.0013347,3.54702933691e-11,20,189,True,True,True
77383.4068595,2.35900188272e-12,7947.20112496,6448.28692721,15722.3841976,29077.8651308,50278.7709877,1.36388820238e-11,50278.7709877,6047.34900643,6035.06676643,0,2025-07-12,stochastic,INCREMENTAL_MILP_GAP_REACHED,True,0,0.00059503330369,53659.3370958,53627.4080032,53420.7534118,29,1,576,2880,0>576,0.0368715999975,8.621371,8.26616997074e-10,20,189,True,True,True
76361.0259098,3082.22729807,11999.4761608,13039.7858102,2552.3116381,8663.53081915,49931.4482222,15943.9582146,65875.4064368,6035.06676643,2345.94441098,23,2025-07-13,stochastic,INCREMENTAL_MILP_GAP_REACHED,True,0,0.000560431369709,53643.9518404,53613.888087,53328.8010389,39,1,576,2880,0>576,0.0360785000012,11.3416388,5.91210775477e-10,20,192,True,True,True
78189.1667199,5089.04392932,12270.3435054,10676.4982364,1403.78764733,8472.89851628,49682.4891555,28199.9896154,77882.4787708,2345.94441098,1526.47774757,35,2025-07-14,stochastic,INCREMENTAL_MILP_GAP_REACHED,True,0,0.000214813085187,53627.3736854,53615.8538238,53396.3638467,39,1,576,2880,0>576,0.0365199999978,4.3093261,1.96678229258e-11,20,191,True,True,True
80980.2740625,6263.2446631,12791.9658557,9058.53996678,2329.16856667,8431.87368675,51770.5343903,33884.6419993,85655.1763896,1526.47774757,2974.20261015,49,2025-07-15,stochastic,INCREMENTAL_MILP_GAP_REACHED,True,0,0.000275972937738,55346.4594075,55331.1852826,55082.3346341,40,1,720,2880,0>720,0.0415815000015,7.4748063,6.94528121055e-08,20,194,True,True,True
80024.8502015,6651.04189152,12518.5982105,9912.0789915,2700.35698362,9234.45250715,51782.7042964,33489.8532146,85272.557511,2974.20261015,3227.5198979,41,2025-07-16,stochastic,INCREMENTAL_MILP_GAP_REACHED,True,0,0.00040257675204,55333.4825496,55311.206576,54967.2997374,60,1,720,2880,0>720,0.039231499999,6.5613983,7.74773525336e-08,20,195,True,True,True
78579.3389002,6752.72499626,12934.6785513,10944.202193,2320.25753333,8300.91393818,50981.1828256,35172.342545,86153.5253707,3227.5198979,2708.50593517,41,2025-07-17,stochastic,INCREMENTAL_MILP_GAP_REACHED,True,0,0.000411976031959,54667.4556053,54644.9339239,54266.315997,59,1,720,2880,0>720,0.0391042999981,6.0596851,1.30080479721e-09,20,196,True,True,True
78244.5246342,2.99849034491e-12,11807.7254893,6527.33960098,14127.4064714,27562.4841744,50576.0912641,1.74175909251e-11,50576.0912641,2708.50593517,6082.85931894,0,2025-07-18,stochastic,INCREMENTAL_MILP_GAP_REACHED,True,0,0.000557610075869,53856.3722806,53826.3414248,53522.1178002,51,1,576,2880,0>576,0.038876999999,12.2727771,9.48602973949e-10,20,197,True,True,True
76769.6325832,3.10151904159e-12,7120.55269483,5922.10349057,20428.7383835,27959.6259454,50576.1433455,1.72591470005e-11,50576.1433455,6082.85931894,5911.24175476,0,2025-07-19,stochastic,INCREMENTAL_MILP_GAP_REACHED,True,0,0.000970337736107,53219.9598916,53168.3185562,52941.8077377,42,1,576,2880,0>576,0.0374697999978,4.6475676,2.50111042988e-11,20,197,True,True,True
73621.9755958,5807.67698353,9044.3295448,11104.6272709,1047.48331667,8352.48877212,47778.3556917,29949.9403681,77728.2960598,5911.24175476,1712.66359963,42,2025-07-20,stochastic,INCREMENTAL_MILP_GAP_REACHED,True,0,0.000854427457215,52263.8528968,52219.1972258,51949.7714581,47,1,576,2880,0>576,0.0370945999966,6.5426088,5.11590769747e-11,20,199,True,True,True
80817.2638051,7691.14189336,12131.7298092,8760.09131021,2172.07416667,8974.9436829,52030.8054599,40443.7959723,92474.6014322,1712.66359963,2897.78563874,44,2025-07-21,stochastic,INCREMENTAL_MILP_GAP_REACHED,True,0,0.000226014603023,55052.7717993,55040.3290689,54728.5303775,50,1,576,2880,0>576,0.0388822999957,7.2337916,6.32352975283e-09,20,200,True,True,True
80515.0692144,6942.86182299,12873.7862435,10249.7521175,1618.84361606,9419.90867865,52118.1118057,35343.3460074,87461.4578131,2897.78563874,3095.57979405,45,2025-07-22,stochastic,INCREMENTAL_MILP_GAP_REACHED,True,0,0.000770365831939,54725.795373,54683.6364902,54427.5272109,57,1,576,2880,0>576,0.0391865999991,4.506422,7.62394873642e-10,20,201,True,True,True
77231.4313301,8118.93885394,11176.6840116,10278.9361821,1430.95906667,8805.11617123,49157.7941962,43749.0952003,92906.8893966,3095.57979405,1733.55520215,54,2025-07-23,stochastic,INCREMENTAL_MILP_GAP_REACHED,True,0,0.000752688585317,52788.2799179,52748.5467821,52620.2297458,45,1,576,2880,0>576,0.0368742999999,11.8273475,5.70360157326e-07,20,202,True,True,True
79944.7800333,7920.82810607,12811.1527381,9683.26413276,2105.87273333,9015.37480068,50559.9521565,41674.9061776,92234.858334,1733.55520215,2504.41029675,60,2025-07-24,stochastic,INCREMENTAL_MILP_GAP_REACHED,True,0,0.000710535676453,54978.8678347,54939.8033876,54793.6724805,58,1,432,2880,0>432,0.0370683000001,5.8919733,1.66096469911e-10,20,203,True,True,True
81737.9988736,3.66640051652e-12,11762.99145,6360.66749278,19564.1029042,30266.2524455,52721.2499236,1.979217501e-11,52721.2499236,2504.41029675,6023.69427643,0,2025-07-25,stochastic,INCREMENTAL_MILP_GAP_REACHED,True,0,0.00022267946914,55242.3600902,55230.0587508,54996.501967,65,1,576,2880,0>576,0.0370714000055,5.350715,9.91349224932e-11,20,204,True,True,True
72972.4279758,2.11475281731e-12,8888.79317892,7172.37326947,16465.1864069,26321.7300929,47232.157124,1.1769673236e-11,47232.157124,6023.69427643,6054.30450471,0,2025-07-26,stochastic,INCREMENTAL_MILP_GAP_REACHED,True,0,0.000215607470282,50331.2237089,50320.371921,50264.6446651,24,1,576,2880,0>576,0.0351707000009,5.5070546,2.00415115614e-08,20,205,True,True,True
76668.9065189,7366.96555866,10257.5550396,11028.3190104,2388.42261469,8733.02363369,50354.7343833,38317.9693914,88672.7037747,6054.30450471,3032.41625096,33,2025-07-27,stochastic,INCREMENTAL_MILP_GAP_REACHED,True,0,0.000324766241886,53172.0172453,53154.7487691,52932.608515,47,1,576,2880,0>576,0.0387001000017,3.845181,6.34372554487e-11,20,206,True,True,True
78460.5191952,9274.89314593,10561.9998852,9033.66192986,553.218143857,7698.97900855,50611.0425616,49453.6238853,100064.666447,3032.41625096,2500.81400339,58,2025-07-28,stochastic,INCREMENTAL_MILP_GAP_REACHED,True,0,0.000651006402121,53901.8494109,53866.7589618,53551.5789723,50,1,576,2880,0>576,0.0358008000003,6.50376460001,1.83263182407e-10,20,207,True,True,True
78505.0260604,7419.46545406,12023.0401598,10282.3589055,101.1254,8013.43891014,50296.5446041,39738.5461232,90035.0907273,2500.81400339,1896.70691894,44,2025-07-29,stochastic,INCREMENTAL_MILP_GAP_REACHED,True,0,0.000623431658313,53530.028654,53496.6563394,53267.2570285,44,1,720,2880,0>720,0.0366635999999,5.0683473,6.99992605237e-10,20,208,True,True,True
80065.7406618,6383.7178684,15397.5593352,11963.8488889,737.509161287,8174.98487263,51084.8463124,31367.9403792,82452.7866916,1896.70691894,2461.34488854,41,2025-07-30,stochastic,INCREMENTAL_MILP_GAP_REACHED,True,0,0.000547764950829,54635.6974574,54605.7699372,54214.174876,44,1,720,2880,0>720,0.0383268000005,6.9880568,2.76259015664e-10,20,208,True,True,True
79166.6135566,8144.02557685,12311.5518412,10719.0838982,1376.1623209,9647.01260288,50120.5689057,43043.2854716,93163.8543772,2461.34488854,1631.6483254,54,2025-07-31,stochastic,INCREMENTAL_MILP_GAP_REACHED,True,0,0.000811934087989,53659.9356131,53616.3672822,53228.4256642,56,1,576,2880,0>576,0.035625200002,14.947448,3.16049408866e-11,20,210,True,True,True
79638.9203481,2.57927013081e-12,12774.8173548,6260.9212496,22257.6501069,29616.0144693,50438.6260393,1.52481760551e-11,50438.6260393,1631.6483254,6172.40477847,0,2025-08-01,stochastic,INCREMENTAL_MILP_GAP_REACHED,True,0,0.000372364968217,53487.2762248,53467.3594369,53237.6350209,49,1,720,2880,0>720,0.0403270999996,4.1858943,8.65156835061e-10,20,211,True,True,True
74358.8946567,2.23110419029e-12,7854.42836135,6585.95089467,22254.3551579,29909.0370988,48102.0248245,1.32682558274e-11,48102.0248245,6172.40477847,5923.66708738,0,2025-08-02,stochastic,INCREMENTAL_MILP_GAP_REACHED,True,0,0.000596478045653,51099.296159,51068.8165506,50849.839054,36,1,720,2880,0>720,0.0406084999995,5.6172972,1.21190169011e-10,20,210,True,True,True
73631.1304449,1998.86295159,10927.2912684,12911.7523432,5416.99790941,9357.97657857,47701.2168027,10386.235013,58087.4518158,5923.66708738,1411.83773651,16,2025-08-03,stochastic,INCREMENTAL_MILP_GAP_REACHED,True,0,0.000328609255646,50800.0018967,50783.3085458,50515.6131541,39,1,576,2880,0>576,0.0361360000024,5.87844499999,8.54015524965e-10,20,213,True,True,True
75946.6394708,3762.12323926,13514.4548467,11137.3623887,3737.18448409,8178.83068462,48219.4867542,19384.3113227,67603.7980769,1411.83773651,1200,38,2025-08-04,stochastic,INCREMENTAL_MILP_GAP_REACHED,True,0,0.000121181787494,50949.0012253,50942.8271342,50660.6453751,38,1,720,2880,0>720,0.0376526999971,3.8929574,3.41970007867e-10,20,212,True,True,True
73487.1991936,3762.3045344,14150.0684078,11457.1074428,2600.89653479,6803.33649484,46769.5403168,18667.7113865,65437.2517033,1200,1204.94218614,36,2025-08-05,stochastic,INCREMENTAL_MILP_GAP_REACHED,True,0,0.000272112381607,48777.8961933,48764.6231238,48660.4658267,25,2,720,2880,0>576>720,0.0572189999984,6.9036088,1.33627509058e-09,20,215,True,True,True
72624.7524164,7879.78501079,10548.0773831,8422.67436061,3813.90561667,6450.82952142,46312.8418606,43761.6141678,90074.4560285,1204.94218614,1339.68476354,51,2025-08-06,stochastic,INCREMENTAL_MILP_GAP_REACHED,True,0,8.87888207371e-05,48322.6638912,48318.3733788,48230.5676513,22,1,576,2880,0>576,0.0365411999992,4.1682591,5.75596459385e-10,20,216,True,True,True
71275.6877789,5267.8151434,14593.7427075,11754.722431,4690.7328695,5625.76452623,45601.8875884,25534.7556588,71136.6432472,1339.68476354,1413.25049923,40,2025-08-07,stochastic,INCREMENTAL_MILP_GAP_REACHED,True,0,0.000230224133299,48100.6005527,48089.5266336,47953.5886871,27,2,720,2880,0>576>720,0.0596095000001,8.9026417,1.91898834601e-08,20,217,True,True,True
69885.9581517,2.04103400847e-12,14186.0049927,7238.10653333,25702.2747818,21460.6136605,44848.4955532,1.30399548937e-11,44848.4955532,1413.25049923,6138.31440003,0,2025-08-08,stochastic,INCREMENTAL_MILP_GAP_REACHED,True,0,7.53413698589e-05,47461.3043054,47457.7285058,47239.724375,16,2,576,2880,0>432>576,0.0561576,6.4718497,2.81261236523e-10,20,218,True,True,True
63801.698498,3.19033688356e-12,8518.40414179,7002.90213538,22908.4116473,20455.8558443,42130.2761776,1.64203228792e-11,42130.2761776,6138.31440003,6023.875755,0,2025-08-09,stochastic,INCREMENTAL_MILP_GAP_REACHED,True,0,6.35883885777e-05,44147.5873968,44144.7801229,44095.1098659,16,1,720,2880,0>720,0.0416315000039,3.7262668,1.72803993337e-11,20,219,True,True,True
63943.8195588,7097.54081808,5517.35762241,8784.23481617,4487.91071585,4515.7078048,42073.6890282,43406.5263083,85480.2153365,6023.875755,1229.23670831,32,2025-08-10,stochastic,INCREMENTAL_MILP_GAP_REACHED,True,0,4.18692610265e-05,44497.1051942,44495.2421333,44327.9448251,12,2,720,2880,0>576>720,0.0582052000027,8.02249170001,3.36740413331e-10,20,220,True,True,True
69016.0081693,7159.70007215,11889.2751204,9656.62588502,3961.96566509,5419.84000759,44200.4442287,38667.858131,82868.3023596,1229.23670831,1200,52,2025-08-11,stochastic,INCREMENTAL_MILP_GAP_REACHED,True,0,1.73806056311e-05,46201.3841212,46200.5811132,46141.2124851,13,1,720,2880,0>720,0.0404553000008,4.6831928,1.30057742354e-10,20,220,True,True,True
69379.4076269,8342.57671871,10435.0372431,8281.67378918,2503.80053208,5304.27670962,44421.1164269,46477.3277296,90898.4441565,1200,1389.67375304,56,2025-08-12,stochastic,INCREMENTAL_MILP_GAP_REACHED,True,0,0.000809157581713,46830.5175017,46792.6242334,46665.6014095,27,1,576,2880,0>576,0.0385726999993,3.9711802,8.30368662719e-10,20,222,True,True,True
69107.7852073,6862.23739345,10951.3112368,8687.8647779,1848.74986237,5736.84682948,44454.0614945,37487.7151863,81941.7766808,1389.67375304,1592.67077963,43,2025-08-13,stochastic,INCREMENTAL_MILP_GAP_REACHED,True,0,6.66113782683e-06,46341.051397,46340.7427129,46285.7634764,19,1,576,2880,0>576,0.0380526999979,3.7487426,2.4999735615e-09,20,222,True,True,True
69596.0576598,8165.36185672,12498.8523868,10181.9286596,4137.98485,5380.21995594,44616.8713392,43038.8824502,87655.7537894,1592.67077963,1528.38386159,49,2025-08-14,stochastic,INCREMENTAL_MILP_GAP_REACHED,True,0,0.000226970906099,47003.3870207,46992.7186194,46904.4355487,27,1,576,2880,0>576,0.0370150999988,5.2921208,1.58479451784e-10,20,224,True,True,True
69721.9171359,1.84741111298e-12,14387.9881941,7580.88800536,24822.2990167,20932.7910472,44608.9824899,1.02793933365e-11,44608.9824899,1528.38386159,6054.36434143,0,2025-08-15,stochastic,INCREMENTAL_MILP_GAP_REACHED,True,0,2.77754489868e-05,47043.3992428,47042.0925913,46932.0939082,24,1,576,2880,0>576,0.0386335000003,3.661584,2.54658516496e-11,20,225,True,True,True
64548.3792298,4.03588273912e-12,8972.0361847,7257.75119725,25104.206705,20800.6071707,42358.4335039,2.11400390526e-11,42358.4335039,6054.36434143,6065.02891071,0,2025-08-16,stochastic,INCREMENTAL_MILP_GAP_REACHED,True,0,6.95440011687e-05,44748.154274,44745.0423083,44530.4715153,20,2,720,2880,0>576>720,0.0638468000034,6.6555419,1.67801772477e-10,20,226,True,True,True
64981.2757768,5260.03588531,8153.52942458,10782.9408391,4733.69516999,4971.63429006,42725.0437888,29273.9178966,71998.9616854,6065.02891071,1422.160016,32,2025-08-17,stochastic,INCREMENTAL_MILP_GAP_REACHED,True,0,2.06474680997e-05,45098.4973953,45097.5662255,44937.394488,16,2,576,2880,0>432>576,0.0601567000012,5.1136232,2.70802047453e-10,20,225,True,True,True
69807.9941039,7652.23749499,11605.5590946,9313.23724047,4965.43223055,5808.36189746,44754.7737024,41182.562803,85937.3365053,1422.160016,1519.12182287,47,2025-08-18,stochastic,INCREMENTAL_MILP_GAP_REACHED,True,0,9.80939759783e-05,47144.9760842,47140.351446,47037.2810514,21,1,432,2880,0>432,0.0381678999984,4.65095510001,1.76805770025e-09,20,228,True,True,True
69151.622862,6560.94705241,11253.734891,9369.74619562,4056.00607672,5454.91509238,44493.9453922,35432.484605,79926.4299972,1519.12182287,1236.65411849,55,2025-08-19,stochastic,INCREMENTAL_MILP_GAP_REACHED,True,0,1.58820392663e-05,46920.2363869,46919.4911978,46689.1987332,21,1,576,2880,0>576,0.0415323000016,4.1103577,4.40422809334e-10,20,229,True,True,True
68795.0719937,11352.8317465,9268.11014579,7496.30729197,2060.28346667,5665.12635301,44290.2545133,63213.936181,107504.190694,1236.65411849,1248.72292529,54,2025-08-20,stochastic,INCREMENTAL_MILP_GAP_REACHED,True,0,0.000246676352383,46488.1126142,46476.6450962,46432.7171378,16,1,720,2880,0>720,0.0433744000002,3.8896567,2.76024820778e-08,20,228,True,True,True
70662.3218251,7169.85483523,10431.5357851,8225.74130836,3763.16493333,6018.79876685,45184.2220228,41370.9955364,86555.2175592,1248.72292529,1497.39256707,44,2025-08-21,stochastic,INCREMENTAL_MILP_GAP_REACHED,True,0,0.000141731471177,48329.0922768,48322.2425234,47957.2456028,30,1,720,2880,0>720,0.0422307999979,4.501758,2.72166289506e-10,20,231,True,True,True
70033.824201,4.38404867964e-12,13751.9132994,7000.154177,22091.7666621,19959.7290165,44847.9240262,2.45814248956e-11,44847.9240262,1497.39256707,6096.16545096,0,2025-08-22,stochastic,INCREMENTAL_MILP_GAP_REACHED,True,0,4.35248536873e-05,47827.4574149,47825.3757318,47425.9180405,25,1,576,2880,0>576,0.0389135999976,3.9477826,1.18689058581e-10,20,232,True,True,True
65299.1446174,1.19371179608e-12,8333.62554155,6817.14793221,20079.1085398,21173.5523182,43024.0848847,7.30381088943e-12,43024.0848847,6096.16545096,6021.81962479,0,2025-08-23,stochastic,INCREMENTAL_MILP_GAP_REACHED,True,0,0.000115119091394,45529.8011982,45524.5598489,45340.0478666,18,1,576,2880,0>576,0.0389577000024,4.4461625,1.65528035723e-10,20,233,True,True,True
66439.764142,6171.99805835,7882.54836682,10645.1508042,5779.00660606,5861.76854835,43636.5502269,34507.6447565,78144.1949835,6021.81962479,1288.16781693,41,2025-08-24,stochastic,INCREMENTAL_MILP_GAP_REACHED,True,0,0.000146640065056,46031.6984129,46024.9483217,45886.1559425,20,1,576,2880,0>576,0.0369269000003,4.181027,1.26976829051e-09,20,234,True,True,True
71356.3413297,10025.7377052,10412.8777986,8400.05847832,2899.0097,5697.16299794,45701.8285862,53841.709072,99543.5376582,1288.16781693,1326.3595264,53,2025-08-25,stochastic,INCREMENTAL_MILP_GAP_REACHED,True,0,0.000100179717475,48116.3068714,48111.4865934,47967.382441,26,1,576,2880,0>576,0.041275399999,4.5761977,8.36735125631e-10,20,235,True,True,True
73469.5902121,6606.30642907,12952.2195665,10177.724674,4952.16303333,6820.42033197,46936.5851556,35123.0290022,82059.6141578,1326.3595264,1674.77416514,44,2025-08-26,stochastic,INCREMENTAL_MILP_GAP_REACHED,True,0,5.44339604485e-05,49937.2215651,49934.5032844,49689.0145513,33,1,576,2880,0>576,0.0385404999979,3.8725881,9.98170435196e-11,20,236,True,True,True
72770.1237945,7486.26938701,12411.2380761,10244.9600776,3349.92295,6826.04336637,46614.1048814,40762.0221927,87376.1270741,1674.77416514,1461.59945852,49,2025-08-27,stochastic,INCREMENTAL_MILP_GAP_REACHED,True,0,1.0681117158e-05,49918.4755707,49917.9423857,49594.6267972,37,1,576,2880,0>576,0.0374191999981,4.4713764,1.5672412701e-08,20,237,True,True,True
71479.3958143,8204.15969151,12242.8261588,9909.14031664,894.324683333,5687.74999693,45986.2676318,43136.9973518,89123.2649835,1461.59945852,1469.98709409,56,2025-08-28,stochastic,INCREMENTAL_MILP_GAP_REACHED,True,0,0.00037731335569,48107.1598688,48089.0083949,48053.1235823,34,2,720,2880,0>576>720,0.0631479000003,8.7466895,1.97246663447e-09,20,238,True,True,True
72536.1347272,3.22231130667e-12,15011.7066348,8026.29691751,20611.3908323,22384.1138277,46477.2510862,2.06187156238e-11,46477.2510862,1469.98709409,6062.41537929,0,2025-08-29,stochastic,INCREMENTAL_MILP_GAP_REACHED,True,0,4.90753429917e-07,49881.8335805,49881.8091009,49532.2071858,35,1,576,2880,0>576,0.0387269000021,3.2546947,1.54614099301e-11,20,238,True,True,True
70126.9644595,3.41415784533e-12,8404.96285209,6879.8568775,25979.1931917,24109.94546,45886.4345115,2.1178934162e-11,45886.4345115,6062.41537929,5982.59652672,0,2025-08-30,stochastic,INCREMENTAL_MILP_GAP_REACHED,True,0,2.15149697238e-05,48332.018939,48330.9790771,48118.2353428,32,1,720,2880,0>720,0.0376474999975,2.8882728,6.8212102633e-12,20,240,True,True,True
66971.3008304,5874.49870603,8587.30476538,10862.7289472,3428.07864767,5046.52198722,44069.2793563,32600.7258617,76670.005218,5982.59652672,1641.47198536,28,2025-08-31,stochastic,INCREMENTAL_MILP_GAP_REACHED,True,0,0,47225.20568,47225.20568,46857.1534614,26,1,720,2880,0>720,0.0413010999982,2.9213109,4.11887413065e-10,20,241,True,True,True
74406.1838283,774.932455619,19550.7960695,12365.2364738,3936.5572619,10484.864893,47395.1080486,3444.73758031,50839.8456289,1641.47198536,5498.03681041,8,2025-09-01,stochastic,INCREMENTAL_MILP_GAP_REACHED,True,0,3.41954723526e-05,50214.7036916,50212.9865761,49840.5896443,35,2,720,2880,0>576>720,0.0611599999975,6.5718668,1.07320374809e-10,20,242,True,True,True
65873.0944928,2622.4366698,13759.2466771,11990.0385664,4625.63014048,8042.93706143,43143.4102408,12186.7173928,55330.1276337,5498.03681041,4559.09374602,18,2025-09-02,stochastic,INCREMENTAL_MILP_GAP_REACHED,True,0,0.000411420920967,45840.7822914,45821.9224345,45579.3838654,30,1,576,2880,0>576,0.0419481000026,4.1236912,7.27595761418e-12,20,243,True,True,True
65858.9122883,2436.79097948,11233.4349295,10738.894489,4780.87296667,7472.57261053,42734.0283429,13728.7763861,56462.804729,4559.09374602,2737.08019485,16,2025-09-03,stochastic,INCREMENTAL_MILP_GAP_REACHED,True,0,2.8333167578e-05,45382.9391451,45381.6533027,45105.1718274,30,1,576,2880,0>576,0.0393799999983,3.9119547,9.32232069317e-12,20,240,True,True,True
67369.6553121,4134.30624295,13331.1830558,10766.4674846,6277.55479032,8736.12564353,42859.1621614,21985.9005598,64845.0627211,2737.08019485,2772.40329553,28,2025-09-04,stochastic,INCREMENTAL_MILP_GAP_REACHED,True,0,2.02488892409e-05,45526.3617456,45525.4398873,45258.33091,37,2,720,2880,0>576>720,0.0610554000014,7.6424295,5.39353095519e-09,20,245,True,True,True
64814.5465391,4.1566750042e-12,12130.0032992,6846.78245306,26790.4085256,25916.6555007,41303.3781391,2.41860931283e-11,41303.3781391,2772.40329553,6081.87020582,0,2025-09-05,stochastic,INCREMENTAL_MILP_GAP_REACHED,True,0,5.93630685614e-05,43984.4143466,43981.8032968,43720.5097591,32,2,720,2880,0>576>720,0.0617413999971,7.9903459,2.53294274444e-10,20,245,True,True,True
56964.968438,3.0837554732e-12,8959.46745,7296.76866755,25143.043681,22438.1422746,37143.4423227,1.73029093276e-11,37143.4423227,6081.87020582,6037.8701691,0,2025-09-06,stochastic,INCREMENTAL_MILP_GAP_REACHED,True,0,0.000754999183706,39983.2721023,39953.0847645,39684.2887219,28,1,576,2880,0>576,0.0396075000026,3.771986,2.92175172945e-11,20,247,True,True,True
55215.0666464,6023.4967943,7566.95758395,10077.1899829,4234.91269462,4552.89952835,35853.016849,34401.6955709,70254.7124199,6037.8701691,1651.25423587,30,2025-09-07,stochastic,INCREMENTAL_MILP_GAP_REACHED,True,0,0.000262664461155,37975.903511,37965.9285908,37878.2869372,18,1,576,2880,0>576,0.0391879000017,4.7148213,2.29954594033e-07,20,248,True,True,True
58954.5356606,10441.9661163,9574.07977978,8161.13343391,3382.2131,5205.77279772,37036.1879995,54894.3756035,91930.5636029,1651.25423587,1200,68,2025-09-08,stochastic,INCREMENTAL_MILP_GAP_REACHED,True,0,2.27940761719e-05,39446.7958981,39445.8967449,39258.6560973,24,1,576,2880,0>576,0.0393447999959,4.4368065,7.04254606429e-08,20,249,True,True,True
62086.4432922,7106.91764121,12137.3726714,9707.94730373,6814.85451667,6846.24678232,38789.9800598,37957.7948346,76747.7748943,1200,1337.02728905,53,2025-09-09,stochastic,INCREMENTAL_MILP_GAP_REACHED,True,0,0.000127281623181,41143.6702432,41138.4334101,40879.2959386,40,2,720,2880,0>576>720,0.060488500003,6.9302948,4.42110348331e-10,20,250,True,True,True
59798.1856398,11453.5592489,9205.82681909,7383.87485423,3354.34440957,4759.44986429,37675.7680556,63366.6747889,101042.442844,1337.02728905,1417.96603265,58,2025-09-10,stochastic,INCREMENTAL_MILP_GAP_REACHED,True,0,0.000363673246605,40756.6788808,40741.856767,40406.7345108,25,1,720,2880,0>720,0.0382647999977,3.9896526,1.24373400467e-10,20,251,True,True,True
63663.9507821,6154.98128097,13071.9501358,10504.1919373,6140.4959881,7614.59209312,39662.7339786,32979.0568526,72641.7908312,1417.96603265,1511.39678009,44,2025-09-11,stochastic,INCREMENTAL_MILP_GAP_REACHED,True,0,0.00039150465509,42256.6688348,42240.1251522,42084.8289844,28,1,576,2880,0>576,0.0396715000024,4.6976401,6.26278051641e-09,20,252,True,True,True
63505.2696516,2.49400500252e-12,14662.4649829,7740.43179483,23349.2504443,21682.3298192,39477.9651949,1.47804541939e-11,39477.9651949,1511.39678009,6107.13549267,0,2025-09-12,stochastic,INCREMENTAL_MILP_GAP_REACHED,True,0,0.000301500694482,42117.0615522,42104.3632289,41965.16036,26,1,432,2880,0>432,0.0373017999991,3.6939088,3.04680725094e-10,20,252,True,True,True
59756.316056,2.34479102801e-12,9188.6872563,7494.18017893,26806.6450905,23248.0624047,37909.5320024,1.31659021463e-11,37909.5320024,6107.13549267,6050.08715786,0,2025-09-13,stochastic,INCREMENTAL_MILP_GAP_REACHED,True,0,0.000197119027605,40618.5300634,40610.5233783,40463.5616941,26,1,576,2880,0>576,0.0373035000011,4.3017048,5.01552221976e-09,20,253,True,True,True
55728.4177065,8917.89613603,5897.62343495,9142.15342438,3201.7017535,4589.81732842,36023.2627347,50287.3644282,86310.6271629,6050.08715786,1200,53,2025-09-14,stochastic,INCREMENTAL_MILP_GAP_REACHED,True,0,0.000275643808206,38679.5561587,38668.8943785,38379.4320893,27,2,720,2880,0>576>720,0.0592761000044,7.0735862,3.66071617464e-11,20,255,True,True,True
65277.3008609,7275.46414498,12889.3294535,10277.3515198,7069.95533943,7803.80109938,40574.4319276,39150.8365934,79725.268521,1200,1381.11704169,37,2025-09-15,stochastic,INCREMENTAL_MILP_GAP_REACHED,True,0,0.000492500485345,43169.7090007,43148.4478981,43001.4765907,33,1,720,2880,0>720,0.0399053000001,3.3742058,1.81898940355e-11,20,255,True,True,True
63749.2877818,7983.86196779,11697.1249803,9637.67657154,3808.05151712,6373.87984042,39732.0227522,43337.9054155,83069.9281677,1381.11704169,1200,53,2025-09-16,stochastic,INCREMENTAL_MILP_GAP_REACHED,True,0,0.000250389773121,42180.9765634,42170.4148783,41761.3686202,38,1,576,2880,0>576,0.0393489000016,3.5229818,4.22915036324e-10,20,257,True,True,True
64866.3966139,7617.09376572,12463.2973423,10095.2708472,2800.48788333,7354.85760127,40300.8920431,41829.159254,82130.0512971,1200,1200,49,2025-09-17,stochastic,INCREMENTAL_MILP_GAP_REACHED,True,0,0.000344831897369,42859.8355496,42845.0561112,42626.8809942,43,1,720,2880,0>720,0.044899499997,4.75063,1.21303855849e-10,20,258,True,True,True
64612.0433251,8093.40232262,12087.0823912,9541.13995602,3955.09555637,7248.35653954,40242.2496565,45149.1168093,85391.3664658,1200,1477.10753426,44,2025-09-18,stochastic,INCREMENTAL_MILP_GAP_REACHED,True,0,0.000514374539853,42774.1189961,42752.1170783,42637.6501775,47,1,576,2880,0>576,0.0404957999999,3.5678852,5.45696821064e-12,20,258,True,True,True
65213.059202,1.01607611214e-12,14493.6733329,7595.09955476,18913.6206693,23299.5124379,40632.4911152,5.2431801123e-12,40632.4911152,1477.10753426,6082.41402857,0,2025-09-19,stochastic,INCREMENTAL_MILP_GAP_REACHED,True,0,0.000357953906873,42947.3466184,42931.9734479,42817.7213461,36,1,720,2880,0>720,0.0387097999992,4.2965035,1.40289557748e-10,20,260,True,True,True
61050.0562652,1.62536650805e-12,9358.12026276,7649.00277889,20034.7231793,23660.7818687,39222.2535458,7.45777839484e-12,39222.2535458,6082.41402857,6005.83028852,0,2025-09-20,stochastic,INCREMENTAL_MILP_GAP_REACHED,True,0,0.00023101402892,41645.8508531,41636.2300773,41528.8630912,23,1,576,2880,0>576,0.0401425999953,4.9651556,7.25322024664e-10,20,261,True,True,True
61017.5786762,4834.58762105,8545.38052356,10963.5323777,3183.07600801,6799.75466002,39125.811781,27171.8913,66297.703081,6005.83028852,1514.97011786,37,2025-09-21,stochastic,INCREMENTAL_MILP_GAP_REACHED,True,0,0.00023986008623,41610.2224513,41600.2418198,41415.6345113,30,2,720,2880,0>576>720,0.0612846000004,7.4807909,2.26236807066e-10,20,262,True,True,True
66947.9713254,7441.53012861,11445.3150713,9402.96236755,3523.06213333,8210.06673358,41833.0314822,41391.75789,83224.7893723,1514.97011786,1368.0177181,57,2025-09-22,stochastic,INCREMENTAL_MILP_GAP_REACHED,True,0,0.000459723698323,44440.0203501,44419.5902196,44300.0764175,52,1,720,2880,0>720,0.0400105000008,3.7581667,1.30967237055e-10,20,263,True,True,True
67574.3668281,8451.06434384,11946.6863907,9520.82817416,2583.63916667,8899.31820531,42092.1868901,46291.9978038,88384.1846938,1368.0177181,1541.33749849,62,2025-09-23,stochastic,INCREMENTAL_MILP_GAP_REACHED,True,0,0.000188313254243,44601.8757696,44593.4766453,44389.230226,38,1,576,2880,0>576,0.0404784999992,3.7592881,1.71871761268e-09,20,264,True,True,True
67059.1959973,7335.9742004,12519.0544357,10397.3894471,3064.05040566,8146.22970354,42060.5539168,38261.5946432,80322.14856,1541.33749849,1255.83154931,51,2025-09-24,stochastic,INCREMENTAL_MILP_GAP_REACHED,True,0,0.000254328249814,44554.6393464,44543.3078429,44335.5274228,36,1,576,2880,0>576,0.0378977000037,4.0241328,7.70228325564e-11,20,265,True,True,True
67653.2693608,6802.70238365,12331.2142969,9925.32919145,3609.36965211,8105.26808682,42315.6451246,38232.6305307,80548.2756554,1255.83154931,1325.7808705,39,2025-09-25,stochastic,INCREMENTAL_MILP_GAP_REACHED,True,0,0.000147618315796,44973.2389625,44966.6000887,44748.9926896,43,1,576,2880,0>576,0.039467300001,4.8982874,1.16460796562e-09,20,266,True,True,True
67148.1294082,1.25055521494e-12,14580.260105,7552.27835421,17462.2754613,24963.6286962,42142.1488896,7.56966755944e-12,42142.1488896,1325.7808705,6056.59457143,0,2025-09-26,stochastic,INCREMENTAL_MILP_GAP_REACHED,True,0,0.000150628710379,44688.8715038,44682.1400767,44517.9728927,34,1,720,2880,0>720,0.0428594000005,4.0635677,7.74889485911e-10,20,266,True,True,True
63397.5598723,1.50990331349e-12,9688.31534618,7922.02720476,19470.3083362,24359.6611446,40666.6135555,7.92184806642e-12,40666.6135555,6056.59457143,5973.82593325,0,2025-09-27,stochastic,INCREMENTAL_MILP_GAP_REACHED,True,0,3.17795132852e-05,43211.53818,43210.1649383,43004.0547666,41,1,720,2880,0>720,0.0437867000001,4.4651578,5.57186695005e-07,20,268,True,True,True
62999.0419865,7454.94728795,7066.63282966,9884.89551834,2591.00934428,7193.61345216,40487.7638918,42818.0948341,83305.8587258,5973.82593325,1350.57823735,40,2025-09-28,stochastic,INCREMENTAL_MILP_GAP_REACHED,True,0,6.01490248572e-05,42610.284513,42607.7215459,42456.4669519,32,1,720,2880,0>720,0.0408977000006,3.8541497,2.3990196496e-09,20,269,True,True,True
69844.0199751,7489.05762929,12158.4067191,9771.24442358,2973.38825577,9212.63545309,43771.9333737,41452.5998348,85224.5332086,1350.57823735,1436.20603616,45,2025-09-29,stochastic,INCREMENTAL_MILP_GAP_REACHED,True,0,0.000112822020519,45983.7216315,45978.5336551,45769.2473439,39,1,576,2880,0>576,0.0398034999998,4.5967989,2.14470219362e-09,20,270,True,True,True
68986.2103171,9237.38506956,11121.0499458,8941.54519227,2173.41052652,8448.50533992,43264.2781744,51734.0271619,94998.3053363,1436.20603616,1510.10077374,54,2025-09-30,stochastic,INCREMENTAL_MILP_GAP_REACHED,True,0,2.24884261365e-05,45515.1114075,45514.0878443,45329.1049707,31,1,576,2880,0>576,0.0414296999988,3.9005048,4.17458068114e-10,20,271,True,True,True
69862.8892048,1660.61414881,15511.3719765,11774.2859582,7830.72185826,10294.1739438,43919.0320177,7059.32265821,50978.3546759,1510.10077374,2387.79559899,13,2025-10-01,stochastic,INCREMENTAL_MILP_GAP_REACHED,True,0,0.000211698748196,46110.422504,46100.6609853,45912.9678459,41,1,720,2880,0>720,0.0406355999985,4.4286793,1.86446413863e-11,20,272,True,True,True
66828.0623447,2741.54487681,15137.7569079,11967.4012624,5842.82534524,8825.64311407,42071.6515768,12461.4276914,54533.0792682,2387.79559899,2714.66430235,19,2025-10-02,stochastic,INCREMENTAL_MILP_GAP_REACHED,True,0,0.000288176923156,43857.85954,43845.220717,43750.564469,35,1,720,2880,0>720,0.0406359999943,4.0238393,2.17232809518e-09,20,272,True,True,True
65153.5323596,1.26476606965e-12,12502.326491,7094.04064067,24240.8862129,27687.2065963,40991.9155371,7.24945437014e-12,40991.9155371,2714.66430235,6084.49076574,0,2025-10-03,stochastic,INCREMENTAL_MILP_GAP_REACHED,True,0,6.62763991774e-05,43618.384948,43615.4940785,43441.6277446,32,1,720,2880,0>720,0.0390967999956,3.8716774,2.7694113669e-10,20,272,True,True,True
61133.9510474,9.37916411203e-13,9194.8477582,7498.09372202,20568.7603467,25772.4542312,38970.1643473,5.77551872993e-12,38970.1643473,6084.49076574,6028.63850143,0,2025-10-04,stochastic,INCREMENTAL_MILP_GAP_REACHED,True,0,0.000266087980831,41703.4834926,41692.3866969,41526.2271908,37,1,720,2880,0>720,0.0415649999995,3.9314406,9.77706804406e-12,20,273,True,True,True
60106.1097738,3881.5029255,9158.56036889,11356.5140224,4624.28676667,6825.31851946,38134.3583692,21526.6825752,59661.0409444,6028.63850143,1652.99391971,24,2025-10-05,stochastic,INCREMENTAL_MILP_GAP_REACHED,True,0,9.49697093896e-05,40748.7947231,40744.9248219,40549.0233672,35,1,720,2880,0>720,0.0405912999995,3.7366342,9.98170435196e-11,20,276,True,True,True
62665.3036944,7459.82298781,11053.3593981,9073.66239602,4184.30855336,6228.0118768,38915.5749637,42498.5315545,81414.1065182,1652.99391971,1519.1702713,44,2025-10-06,stochastic,INCREMENTAL_MILP_GAP_REACHED,True,0,0.00013743781884,41161.399409,41155.742276,41042.7992015,23,1,576,2880,0>576,0.0379348999995,4.3378934,2.09320205613e-09,20,277,True,True,True
62263.8619862,7515.30404874,11930.5300307,9715.67526174,3426.5797,6366.16856605,38382.6967017,41409.8348097,79792.5315114,1519.1702713,1461.45256363,49,2025-10-07,stochastic,INCREMENTAL_MILP_GAP_REACHED,True,0,0.000137738288267,40761.0402956,40755.4259397,40581.0787313,31,1,864,2880,0>864,0.0406963999994,4.0576116,9.89075488178e-10,20,277,True,True,True
60808.8076667,7400.78864564,12142.2451155,9975.68716652,3981.00021667,5583.54248001,37395.8500429,40855.6990015,78251.5490444,1461.45256363,1305.37631587,44,2025-10-08,stochastic,INCREMENTAL_MILP_GAP_REACHED,True,0,0.000212815782822,40093.7140103,40085.1814351,39798.9431791,35,1,864,2880,0>864,0.0427333999978,4.1126575,4.08590494771e-10,20,279,True,True,True
62466.7217046,6986.77671471,12840.8605234,10220.8233286,3951.12967975,7122.34986133,38296.1695857,38367.1530605,76663.3226462,1305.37631587,1505.68042188,50,2025-10-09,stochastic,INCREMENTAL_MILP_GAP_REACHED,True,0,0.000558665354263,40270.7113332,40248.213482,40133.9112896,28,1,864,2880,0>864,0.0393233999966,4.010772,3.98358679377e-10,20,280,True,True,True
62401.9652345,1.84741111298e-12,14415.3010437,7570.64683074,24022.3433956,22191.3567093,38429.906352,1.02924957446e-11,38429.906352,1505.68042188,6067.62154929,0,2025-10-10,stochastic,INCREMENTAL_MILP_GAP_REACHED,True,0,0.000313788278646,40263.6619868,40251.0277216,40183.4870722,27,1,864,2880,0>864,0.0412818000004,4.596518,1.73599801201e-10,20,281,True,True,True
57868.9847382,3.01270119962e-12,9567.58654999,7836.93003454,19170.2256998,22861.7889396,36673.156963,1.756149004e-11,36673.156963,6067.62154929,5970.7494059,0,2025-10-11,stochastic,INCREMENTAL_MILP_GAP_REACHED,True,0,0.000719581107845,38627.6385686,38599.8428496,38466.6783004,34,1,864,2880,0>864,0.0400759000004,4.6898272,5.25801624462e-10,20,281,True,True,True
58140.3405227,7698.55151918,6019.76194907,9169.68164405,3692.49923333,6781.35652024,36795.1396629,45216.7983824,82011.9380453,5970.7494059,1200,45,2025-10-12,stochastic,INCREMENTAL_MILP_GAP_REACHED,True,0,0.000496994371714,38580.467138,38561.292863,38435.2908904,32,1,720,2880,0>720,0.0384799000021,3.3075529,7.46922523831e-11,20,283,True,True,True
63851.8844245,7636.36136443,11853.7953079,9412.45335699,4791.74967643,7227.75886161,39311.7717336,43430.4525252,82742.2242588,1200,1410.13426936,50,2025-10-13,stochastic,INCREMENTAL_MILP_GAP_REACHED,True,0,0.000275871393629,41036.5417648,41025.2209568,40972.1624226,40,1,720,2880,0>720,0.0383576000022,3.151186,1.60753188538e-10,20,283,True,True,True
63686.615541,9403.63224858,10479.01653,8609.01942041,3270.61955,7175.80184661,39400.8974569,52506.4077913,91907.3052482,1410.13426936,1275.67201258,59,2025-10-14,stochastic,INCREMENTAL_MILP_GAP_REACHED,True,0,0.000671722574159,41416.3566235,41388.5363218,41339.9774298,26,1,1008,2880,0>1008,0.0399386999998,5.1116856,7.96603671915e-10,20,285,True,True,True
63933.5701638,9658.99302391,9744.70547151,7756.14633429,2841.25245,6842.72795045,39626.5031082,55279.4800744,94905.9831826,1275.67201258,1427.9665655,56,2025-10-15,stochastic,INCREMENTAL_MILP_GAP_REACHED,True,0,0.000207855644091,41784.6973331,41776.0121479,41685.7343192,35,1,864,2880,0>864,0.0395186000023,4.6268935,1.95620941668e-09,20,286,True,True,True
64581.7717344,11008.5162525,10393.2707733,8214.10447713,3605.0343,6839.61444062,40017.0583968,60540.0330855,100557.091482,1427.9665655,1655.12750914,62,2025-10-16,stochastic,INCREMENTAL_MILP_GAP_REACHED,True,0,3.49888118749e-05,42310.1007512,42308.620371,42125.1343447,37,1,864,2880,0>864,0.0417518999966,4.2751666,2.63753463514e-11,20,287,True,True,True
66456.5177183,1.36424205266e-12,13894.1528584,7286.10628207,18416.4572584,25427.8145668,41101.1761176,7.83091991252e-12,41101.1761176,1655.12750914,6064.191435,0,2025-10-17,stochastic,INCREMENTAL_MILP_GAP_REACHED,True,0,4.9375539094e-05,43431.4211602,43429.2767103,43296.0474324,34,1,576,2880,0>576,0.0389978999992,4.6707236,3.67492702935e-09,20,288,True,True,True
60853.7110399,3.26139115714e-12,9055.63668394,7386.12606335,18906.6262963,24200.9808564,38645.0151759,2.09258672612e-11,38645.0151759,6064.191435,6007.45771349,0,2025-10-18,stochastic,INCREMENTAL_MILP_GAP_REACHED,True,0,0.000460879232207,41013.0147493,40994.1127026,40890.5505638,35,1,864,2880,0>864,0.0410854000002,4.9236957,1.2193368093e-08,20,289,True,True,True
62818.0310163,8987.22829304,6374.23702546,9489.84393277,3029.32308661,8005.82059675,39769.4335853,51061.1168249,90830.5504102,6007.45771349,1200,52,2025-10-19,stochastic,INCREMENTAL_MILP_GAP_REACHED,True,0,5.33684864109e-05,41860.0468624,41857.8128551,41732.3010355,35,1,576,2880,0>576,0.0385320999994,4.3920846,1.13141140901e-09,20,290,True,True,True
69083.9053589,8547.49067821,12234.1905048,9908.76231091,2138.12814602,8727.05733054,42719.6605304,47651.8706447,90371.5311751,1200,1201.03555331,38,2025-10-20,stochastic,INCREMENTAL_MILP_GAP_REACHED,True,0,4.98940807894e-05,44886.9751825,44884.7355882,44755.1385696,30,1,576,2880,0>576,0.0374412000019,3.7210417,5.1313691074e-09,20,291,True,True,True
69187.6508956,9079.08295233,11907.5536269,9627.9408936,1146.72325,8377.81651461,42807.6576323,50270.0702595,93077.7278918,1201.03555331,1220.12171352,51,2025-10-21,stochastic,INCREMENTAL_MILP_GAP_REACHED,True,0,0.000452033323975,45247.0579194,45226.6047414,45099.9478517,45,1,720,2880,0>720,0.0412872999987,5.3062611,3.66071617464e-10,20,292,True,True,True
71151.4598962,8578.12866018,12867.8889509,10311.9163773,1705.7792,9912.94008276,44015.3660388,46938.1600215,90953.5260603,1220.12171352,1343.53690563,47,2025-10-22,stochastic,INCREMENTAL_MILP_GAP_REACHED,True,0,0.000244548397136,46293.6835848,46282.3625387,46168.7333251,42,1,864,2880,0>864,0.0418648999985,4.4519174,9.1165475169e-10,20,292,True,True,True
71559.9920213,7763.91067791,12305.7486214,9797.61255601,3181.97733333,10254.2922672,44350.0966366,42958.0533142,87308.1499509,1343.53690563,1532.47449153,42,2025-10-23,stochastic,INCREMENTAL_MILP_GAP_REACHED,True,0,0.00022815128479,46390.5078788,46379.9238249,46233.9837492,47,1,720,2880,0>720,0.0396801000024,4.5716577,3.17404328598e-07,20,293,True,True,True
71001.282545,2.67164068646e-12,14209.423268,7425.06891414,17142.3101681,28654.5673064,43972.0488078,1.57195643169e-11,43972.0488078,1532.47449153,6070.87886143,0,2025-10-24,stochastic,INCREMENTAL_MILP_GAP_REACHED,True,0,0.000391586451212,45964.8711032,45946.8718825,45800.2171124,52,1,720,2880,0>720,0.0395245,4.495176,1.2323653209e-09,20,295,True,True,True
66332.7428483,1.3073986338e-12,8579.4172266,6978.12257798,16061.1473716,29271.8680948,42352.4842572,7.79229480941e-12,42352.4842572,6070.87886143,6038.88483429,0,2025-10-25,stochastic,INCREMENTAL_MILP_GAP_REACHED,True,0,0.000278042495148,44559.3217842,44546.9323992,44458.643345,28,1,720,2880,0>720,0.0407321999992,4.229341,5.00222085975e-11,20,296,True,True,True
66505.4459183,5755.97525925,8045.73507247,10677.2068242,2102.17331667,8246.40759597,42560.9559937,33483.8807193,76044.836713,6038.88483429,1416.48326151,37,2025-10-26,stochastic,INCREMENTAL_MILP_GAP_REACHED,True,0,8.82973538286e-05,44770.9072616,44766.9541089,44606.2597901,47,1,720,2880,0>720,0.0445986999985,4.0494029,4.8999027058e-10,20,297,True,True,True
72486.9316604,7627.21689477,12085.9965511,9935.55243635,4070.5937,10340.5290738,45046.3600177,42807.536545,87853.8965627,1416.48326151,1254.37745041,51,2025-10-27,stochastic,INCREMENTAL_MILP_GAP_REACHED,True,0,1.62326863616e-05,47025.004019,47024.2406769,46911.8852724,45,1,720,2880,0>720,0.0403765999981,3.9464648,9.09494701773e-12,20,298,True,True,True
72298.1578742,8112.5827487,12208.4313886,9804.66973423,2398.40405681,9636.15321172,44906.8984736,45458.0267264,90364.9252,1254.37745041,1347.88821763,49,2025-10-28,stochastic,INCREMENTAL_MILP_GAP_REACHED,True,0,2.16580484489e-05,46756.8841842,46755.8715213,46652.5039363,46,1,720,2880,0>720,0.0408756999968,3.6210007,6.91113655193e-09,20,299,True,True,True
72070.9134081,9635.28987446,10897.0201713,8834.20762533,620.044438059,9711.08949847,45020.5108023,53894.4128801,98914.9236824,1347.88821763,1339.42012146,54,2025-10-29,stochastic,INCREMENTAL_MILP_GAP_REACHED,True,0,0.000321064694804,47240.1047174,47224.9375876,47116.5800363,30,1,720,2880,0>720,0.0394810999969,4.70484,8.64019966684e-12,20,297,True,True,True
72638.9570943,6825.28883535,13388.5409705,10759.156499,2541.87618333,9505.16762487,45273.0692875,38201.0561193,83474.1254068,1339.42012146,1434.48866267,49,2025-10-30,stochastic,INCREMENTAL_MILP_GAP_REACHED,True,0,0.000229026797333,47653.494047,47642.5801198,47414.8707493,58,1,576,2880,0>576,0.0403478000007,3.5827292,2.34194885707e-11,20,301,True,True,True
72557.3766406,2.23820961764e-12,13808.1642184,7027.00493459,13246.365799,28625.5594911,45519.9748481,1.38779903125e-11,45519.9748481,1434.48866267,6054.05319857,0,2025-10-31,stochastic,INCREMENTAL_MILP_GAP_REACHED,True,0,0.00015568021212,47838.3999362,47830.952444,47731.6953889,51,1,864,2880,0>864,0.0483504000003,4.8291109,1.26533450384e-09,20,302,True,True,True
66959.8007985,2.72848410532e-12,8798.4256072,7156.82915748,14032.9630082,28741.2029071,42741.7531855,1.71940826021e-11,42741.7531855,6054.05319857,6020.60384786,0,2025-11-01,stochastic,INCREMENTAL_MILP_GAP_REACHED,True,0,0.000440344892065,45815.5429262,45795.3682859,45545.8408183,37,1,720,2880,0>720,0.0397201999986,4.6379465,5.00222085975e-12,20,303,True,True,True
68408.1877401,7900.70058177,8772.66706881,11321.6533715,1527.86623333,8533.62445794,43562.0592698,44361.9813965,87924.0406663,6020.60384786,1336.38935255,44,2025-11-02,stochastic,INCREMENTAL_MILP_GAP_REACHED,True,0,5.8177116552e-05,46059.2951001,46056.6155031,45831.4289162,49,2,720,2880,0>576>720,0.0632790999989,7.0492853,1.34491529025e-10,20,303,True,True,True
74249.6931232,7887.2055091,11631.486935,9474.71806031,617.518717105,9857.6807571,46572.4118155,43362.875749,89935.2875645,1336.38935255,1277.26308262,58,2025-11-03,stochastic,INCREMENTAL_MILP_GAP_REACHED,True,0,9.381667814e-05,48773.5756256,48768.9998508,48628.2992529,48,1,720,2880,0>720,0.0411966000029,4.1082404,2.88650880975e-10,20,305,True,True,True
75204.7139993,6828.40668718,13088.2211756,10602.7572046,1076.68720829,10890.8974738,47123.1042444,37824.7329176,84947.837162,1277.26308262,1275.82080223,50,2025-11-04,stochastic,INCREMENTAL_MILP_GAP_REACHED,True,0,0.000240659086536,49418.0743774,49406.1814687,49262.7378219,56,1,576,2880,0>576,0.0394211999956,4.2657236,1.35355548991e-09,20,306,True,True,True
75362.1718913,8033.92157056,12135.2904438,9835.86709242,1020.78786069,10397.8621831,47263.614884,44160.4771085,91424.0919925,1275.82080223,1268.84098787,52,2025-11-05,stochastic,INCREMENTAL_MILP_GAP_REACHED,True,0,6.56683880393e-05,49735.141505,49731.8754784,49553.2912402,57,1,720,2880,0>720,0.0404803999991,4.201089,2.43403519562e-10,20,307,True,True,True
75723.7760025,9370.9540268,11690.4379882,9358.21297807,557.031133153,10835.889336,47493.2426001,50836.7996124,98330.0422125,1268.84098787,1392.22075714,59,2025-11-06,stochastic,INCREMENTAL_MILP_GAP_REACHED,True,0,6.77754695581e-05,50012.1031325,50008.7135388,49840.7532589,50,1,864,2880,0>864,0.0443386999978,5.8706506,1.51885615196e-10,20,308,True,True,True
76797.0402028,3.15480974677e-12,13850.9550393,6999.63509286,13724.86616,32902.3923129,48147.6979753,1.98382039684e-11,48147.6979753,1392.22075714,6080.70796714,0,2025-11-07,stochastic,INCREMENTAL_MILP_GAP_REACHED,True,0,4.1673436558e-05,50292.6846638,50290.5887947,50154.5523999,46,1,576,2880,0>576,0.0424452000007,3.8443214,6.14136297372e-10,20,309,True,True,True
71250.5100669,1.27897692437e-12,7761.29554394,6336.09168501,13510.601534,32523.497574,45804.2275467,7.7767623452e-12,45804.2275467,6080.70796714,6025.77208445,0,2025-11-08,stochastic,INCREMENTAL_MILP_GAP_REACHED,True,0,0.000281075011483,47873.2563391,47859.800363,47761.884882,46,1,864,2880,0>864,0.0440167000015,4.1535338,1.1527845345e-10,20,310,True,True,True
72143.0031478,7409.65381478,7251.23545768,10102.7377642,922.0513,10135.2907857,46469.0761521,43312.1159036,89781.1920557,6025.77208445,1326.61981395,39,2025-11-09,stochastic,INCREMENTAL_MILP_GAP_REACHED,True,0,0.000199756139366,48448.4616437,48438.7837661,48310.2760762,45,1,864,2880,0>864,0.0395704000002,4.4621726,2.90128809866e-10,20,311,True,True,True
77918.1221594,9937.18006411,10338.8249963,8428.34227252,332.204416667,11754.1719831,49152.809088,55250.4345443,104403.243632,1326.61981395,1266.73756333,62,2025-11-10,stochastic,INCREMENTAL_MILP_GAP_REACHED,True,0,0.000118402202647,51218.9561575,51212.8917202,51116.3669193,47,1,720,2880,0>720,0.0416716,4.3576146,1.98269844986e-10,20,311,True,True,True
79585.6360661,8052.15415206,11852.9447445,8957.08696213,992.248466667,12190.6643024,50000.433277,45340.1317999,95340.5650769,1266.73756333,1982.06898659,44,2025-11-11,stochastic,INCREMENTAL_MILP_GAP_REACHED,True,0,0.000152188958218,52080.8267725,52072.9006457,51991.4523484,32,1,720,2880,0>720,0.0404002000032,5.5677603,4.17230694438e-10,20,313,True,True,True
78386.7927949,7963.08443389,10949.549034,9420.88774955,1019.67797363,12845.5502207,49611.0800754,44477.4757657,94088.555841,1982.06898659,1369.01006212,45,2025-11-12,stochastic,INCREMENTAL_MILP_GAP_REACHED,True,0,0.000164914318697,51802.0777833,51793.534879,51707.1153984,46,1,720,2880,0>720,0.040742600002,4.8677297,5.83213477512e-11,20,314,True,True,True
79315.3755594,8222.06460098,10600.979955,8502.7544003,745.692866667,12297.6504224,50302.7609197,46453.5799338,96756.3408535,1369.01006212,1462.38713244,49,2025-11-13,stochastic,INCREMENTAL_MILP_GAP_REACHED,True,0,0.000430290061715,52216.5754624,52194.1071889,52099.022331,42,1,864,2880,0>864,0.0409264000009,4.5829095,1.16529008665e-10,20,313,True,True,True
78912.4438672,3.41060513165e-12,12743.4634768,6196.31896831,11495.1223201,33271.7217387,49807.0900968,2.17902851318e-11,49807.0900968,1462.38713244,6046.70540786,0,2025-11-14,stochastic,INCREMENTAL_MILP_GAP_REACHED,True,0,4.11949205156e-05,52119.9100992,52117.7630237,51868.7234732,40,1,720,2880,0>720,0.0389071999962,4.4054744,8.08086042525e-10,20,316,True,True,True
72988.7063358,3.72679664906e-12,8024.96316489,6486.25181384,10744.0344066,32494.0736615,47217.4439525,2.33721468845e-11,47217.4439525,6046.70540786,6062.22579643,0,2025-11-15,stochastic,INCREMENTAL_MILP_GAP_REACHED,True,0,0.000110102558157,49900.7328462,49895.2386478,49629.6585376,34,1,576,2880,0>576,0.0395658999987,3.776136,1.06348352347e-09,20,317,True,True,True
75250.4084114,7086.44111145,8706.94291274,11428.6269761,59.7188666667,10564.2703362,48604.6072871,40822.5410683,89427.1483553,6062.22579643,1200,33,2025-11-16,stochastic,INCREMENTAL_MILP_GAP_REACHED,True,0,4.59291479336e-05,50657.8965902,50655.5699162,50521.1873512,35,1,720,2880,0>720,0.0403027000029,4.0612373,1.22701067085e-08,20,317,True,True,True
80473.356368,7340.16737437,12658.1400443,10118.5395634,338.464616667,12239.7043114,50860.4471923,40576.0431446,91436.490337,1200,1349.50430275,45,2025-11-17,stochastic,INCREMENTAL_MILP_GAP_REACHED,True,0,9.63117179915e-05,53023.5808973,53018.4741052,52892.7813112,47,1,720,2880,0>720,0.0418761999972,3.9045734,1.51430867845e-10,20,318,True,True,True
79917.9819014,8404.27109043,12046.6087186,9853.92588018,232.73685,11006.2814701,50547.5758494,45634.5504482,96182.1262976,1349.50430275,1242.64561594,67,2025-11-18,stochastic,INCREMENTAL_MILP_GAP_REACHED,True,0,7.74487734906e-05,53137.4853112,53133.3698781,52926.9799598,45,1,576,2880,0>576,0.0400367000002,4.3202264,2.18278728426e-11,20,320,True,True,True
80490.3933737,9027.85612753,12384.0617144,10069.471043,112.409966667,11722.9372632,50903.4510521,48744.90797,99648.3590221,1242.64561594,1200,55,2025-11-19,stochastic,INCREMENTAL_MILP_GAP_REACHED,True,0,2.40783825469e-05,53253.7157123,53252.433449,53037.5778373,40,1,576,2880,0>576,0.0416910999993,5.5056048,8.79936123965e-11,20,321,True,True,True
80770.2618681,8406.07224541,12384.8456291,9894.12124313,416.91525,11475.6184442,51033.3089504,46626.6061133,97659.9150637,1200,1352.89301827,50,2025-11-20,stochastic,INCREMENTAL_MILP_GAP_REACHED,True,0,4.09265664418e-05,53849.1979216,53846.9940589,53635.7547521,34,1,576,2880,0>576,0.0404366000002,4.5259101,3.25144355884e-11,20,322,True,True,True
80837.1131292,2.09254835681e-12,13018.3487648,6284.06876905,11183.0880152,34055.3610516,51108.4122842,1.36606814749e-11,51108.4122842,1352.89301827,6087.10827429,0,2025-11-21,stochastic,INCREMENTAL_MILP_GAP_REACHED,True,0,9.22622511816e-06,54038.2604784,54037.7619092,53825.4280878,34,1,576,2880,0>576,0.0399687999998,5.4293061,2.86604517896e-10,20,323,True,True,True
75662.5205174,3.04645197957e-12,8156.41063827,6660.78095714,10352.1050857,33594.9562672,48875.9365538,1.8323128792e-11,48875.9365538,6087.10827429,6027.01011857,0,2025-11-22,stochastic,INCREMENTAL_MILP_GAP_REACHED,True,0,1.39001607899e-05,51196.4568574,51195.7452184,51053.3903034,24,1,720,2880,0>720,0.0411698000025,4.3091043,8.10621259006e-09,20,324,True,True,True
76280.7386595,6800.09985447,9869.19217072,12259.4192507,4.76421666667,10234.2050939,49293.7885771,37883.9310898,87177.7196669,6027.01011857,1287.70612704,41,2025-11-23,stochastic,INCREMENTAL_MILP_GAP_REACHED,True,0,7.4040383523e-06,52017.2901796,52016.9050415,51802.9769837,31,1,576,2880,0>576,0.0396617999977,6.3095066,3.69482222595e-11,20,325,True,True,True
81372.6112525,7311.33293982,13075.8501245,10670.3741152,635.590616667,11480.9338663,51411.5410335,41388.3249662,92799.8659997,1287.70612704,1200,42,2025-11-24,stochastic,INCREMENTAL_MILP_GAP_REACHED,True,0,5.55122379394e-05,53343.7269091,53340.7656795,53314.3042362,22,1,864,2880,0>864,0.0415063000037,4.6748895,1.36793119054e-07,20,326,True,True,True
82027.3736905,8108.94925583,13222.4684686,10699.5224522,10.5507166667,11434.1657467,51803.8531679,44669.1066818,96472.9598497,1200,1211.86334146,45,2025-11-25,stochastic,INCREMENTAL_MILP_GAP_REACHED,True,0,2.66930087804e-05,54634.9755182,54633.5171463,54410.7154227,38,2,720,2880,0>576>720,0.0611418999979,11.2096067,3.31965566147e-11,20,326,True,True,True
81845.9311961,8935.78747354,12753.1139159,10140.3786592,61.3043666667,11350.012163,51798.1930992,49083.6830788,100881.876178,1211.86334146,1422.57846667,50,2025-11-26,stochastic,INCREMENTAL_MILP_GAP_REACHED,True,0,3.50513066804e-05,54423.1400903,54421.2324882,54272.5990857,27,2,720,2880,0>576>720,0.0636169999998,10.4722908,1.18133129945e-08,20,328,True,True,True
81540.8421152,8079.25331982,13242.6099834,10565.194343,64.7141333333,11097.0729279,51595.8142579,44738.9604238,96334.7746817,1422.57846667,1601.82262624,56,2025-11-27,stochastic,INCREMENTAL_MILP_GAP_REACHED,True,0,4.25006322018e-05,53230.849557,53228.5872122,53176.4148321,39,1,864,2880,0>864,0.0508577000037,4.9678462,1.72303771251e-09,20,329,True,True,True
81940.8893605,1.37134748002e-12,13273.0592345,6721.46077867,9766.67110249,34701.3812522,51949.478507,7.92590171272e-12,51949.478507,1601.82262624,6079.2861832,0,2025-11-28,stochastic,INCREMENTAL_MILP_GAP_REACHED,True,0,4.16472030299e-05,54262.9087725,54260.6488741,54155.2702904,24,1,576,2880,0>576,0.0434917000021,4.5685077,1.25055521494e-11,20,330,True,True,True
76979.8037527,2.95585778076e-12,7650.83777768,6290.45772599,6720.45666188,33969.5169392,49929.4701878,1.71755800693e-11,49929.4701878,6079.2861832,5975.64270979,0,2025-11-29,stochastic,INCREMENTAL_MILP_GAP_REACHED,True,0,5.74374680514e-05,51715.1846377,51712.2142485,51700.701238,17,1,720,2880,0>720,0.0400200000004,4.0946781,9.08812580747e-10,20,331,True,True,True
77806.7724779,9516.37338607,8104.44470747,10850.7723909,1.13686837722e-13,9824.64543076,50442.7065657,52492.8043825,102935.510948,5975.64270979,1213.22917881,55,2025-11-30,stochastic,INCREMENTAL_MILP_GAP_REACHED,True,0,5.41492882347e-06,52612.1195092,52611.8346183,52459.3321162,30,1,720,2880,0>720,0.0388180000009,4.7658477,4.03588273912e-11,20,330,True,True,True
83871.288865,15504.5003361,11728.0115107,9511.59558459,7.165,10853.2805417,53265.7484138,76994.6974458,130260.44586,1213.22917881,1200,88,2025-12-01,stochastic,INCREMENTAL_MILP_GAP_REACHED,True,0,1.87308533123e-05,55315.6722135,55314.6361038,55195.4814096,22,2,864,2880,0>720>864,0.0646066000008,10.5941225,6.54930974656e-10,20,330,True,True,True
86841.5733692,14892.3264258,12910.5265536,10414.0575017,5.68434188608e-14,10599.6207931,55104.3386612,74006.373907,129110.712568,1200,1248.29889638,86,2025-12-02,stochastic,INCREMENTAL_MILP_GAP_REACHED,True,0,0.000662023086603,58402.743487,58364.0795225,58179.8261224,53,2,720,2880,0>576>720,0.0652904999988,13.4725679,2.76691025647e-09,20,334,True,True,True
88930.9411755,11839.0002534,13538.2083496,11009.4177699,3.41060513165e-13,11078.4022826,56595.8647774,58681.548214,115277.412991,1248.29889638,1200,76,2025-12-03,stochastic,INCREMENTAL_MILP_GAP_REACHED,True,0,0.000302605701165,60605.698661,60587.3590311,60340.8631682,69,2,720,2880,0>576>720,0.0602620999962,12.4336755,1.30012267618e-09,20,335,True,True,True
89163.8436415,11610.8387936,13383.5746254,10656.4182189,1.13686837722e-13,11276.3172786,56964.7006586,60712.6106792,117677.311338,1200,1404.75247522,73,2025-12-04,stochastic,INCREMENTAL_MILP_GAP_REACHED,True,0,8.76563928472e-05,58996.9902868,58991.8188235,58874.0771575,22,2,720,2880,0>576>720,0.0753478999977,10.3936674,1.46997081174e-10,20,333,True,True,True
91298.6040647,3.04112290905e-12,14339.4240235,7437.96756383,5732.57451992,37352.9454018,58134.6317122,1.81909953767e-11,58134.6317122,1404.75247522,6045.82569214,0,2025-12-05,stochastic,INCREMENTAL_MILP_GAP_REACHED,True,0,0.000581983809433,60744.1241735,60708.7720767,60532.2104036,57,2,576,2880,0>432>576,0.0633256999972,13.1722315,6.2073013396e-11,20,336,True,True,True
88074.9031973,2.4300561563e-12,9140.02569879,7438.11988338,4000.43359116,38707.9329741,57401.5336081,1.51757362232e-11,57401.5336081,6045.82569214,6007.27117286,0,2025-12-06,stochastic,INCREMENTAL_MILP_GAP_REACHED,True,0,0.000222516305191,61801.2004307,61787.4486559,61538.8885752,70,1,432,2880,0>432,0.0405756000036,5.0732445,5.74857494939e-09,20,336,True,True,True
89203.5062142,6809.72573669,10816.9087476,12946.1466849,1.13686837722e-13,10489.7886381,58226.0096232,39328.4663178,97554.475941,6007.27117286,1357.8816181,38,2025-12-07,stochastic,INCREMENTAL_MILP_GAP_REACHED,True,0,0.000351700462933,60813.2825199,60791.8944603,60607.7937902,54,1,432,2880,0>432,0.0384602000013,6.0623106,9.52695700107e-10,20,336,True,True,True
95235.6298523,7113.52912052,16164.7237751,12897.0890923,2.84217094304e-13,11234.3131734,61179.8953685,38228.6521954,99408.5475638,1357.8816181,1576.03402421,44,2025-12-08,stochastic,INCREMENTAL_MILP_GAP_REACHED,True,0,0.000305815399692,65088.4873798,65068.5823181,64876.6421972,85,1,576,2880,0>576,0.0393374000014,5.805143,2.0315387288e-09,20,340,True,True,True
94291.8088703,7651.58714776,15342.9970146,12548.4028213,2.84217094304e-13,11760.3475581,60777.040826,41802.2987509,102579.339577,1576.03402421,1442.06153587,51,2025-12-09,stochastic,INCREMENTAL_MILP_GAP_REACHED,True,0,0.000793517473858,63185.5054263,63135.3666237,62956.797334,54,1,864,2880,0>864,0.0404253999986,6.3355705,1.20508047985e-10,20,341,True,True,True
97164.4583074,6847.96362624,15096.8253393,12389.8819864,1.13686837722e-13,12917.860114,62482.702402,37957.8851337,100440.587536,1442.06153587,1262.66880085,34,2025-12-10,stochastic,INCREMENTAL_MILP_GAP_REACHED,True,0,0.000166384916959,66034.2012962,66023.2142011,65852.158373,81,1,720,2880,0>720,0.0469005000014,5.9680938,1.04250830191e-10,20,342,True,True,True
94910.5170485,5878.40007978,17313.8539758,13726.3648472,1.13686837722e-13,11240.1732997,60958.8587929,31605.0939677,92563.9527606,1262.66880085,1593.62088217,36,2025-12-11,stochastic,INCREMENTAL_MILP_GAP_REACHED,True,0,0.000466123015174,65127.400473,65097.0430927,64928.2184632,62,1,576,2880,0>576,0.0443001999993,6.4051389,2.57932660622e-09,20,343,True,True,True
94479.7534054,4.20996570938e-12,13749.3351377,7095.5627725,3418.30440064,40693.2631562,60771.6697306,2.49982345935e-11,60771.6697306,1593.62088217,6084.06387,0,2025-12-12,stochastic,INCREMENTAL_MILP_GAP_REACHED,True,0,0.000701733485147,65026.0372929,64980.4063451,64780.0966702,66,1,720,2880,0>720,0.0385674999998,6.2117117,4.92536855745e-09,20,344,True,True,True
89337.0548815,4.51638726418e-12,8851.13622629,7229.52649736,3884.28029948,40032.6314697,58550.3783776,2.68160200712e-11,58550.3783776,6084.06387,6017.27925437,0,2025-12-13,stochastic,INCREMENTAL_MILP_GAP_REACHED,True,0,0.000315262683485,61863.3129843,61843.8097903,61777.8162416,49,1,720,2880,0>720,0.0431422000001,5.1434559,5.82076609135e-11,20,345,True,True,True
90450.6072336,6544.50575573,11706.1780132,13661.9056197,1.70530256582e-13,10172.1187959,59178.4502528,37629.040461,96807.4907138,6017.27925437,1372.9443332,32,2025-12-14,stochastic,INCREMENTAL_MILP_GAP_REACHED,True,0,0.000227835487662,63495.1742742,63480.7078202,63268.3556167,61,1,576,2880,0>576,0.0418786999981,6.3828769,4.2064129957e-12,20,346,True,True,True
94881.4353406,7872.04963226,16487.4578185,13291.1541846,1.13686837722e-13,10087.6233723,60900.4449328,41713.0107666,102613.455699,1372.9443332,1443.70727585,49,2025-12-15,stochastic,INCREMENTAL_MILP_GAP_REACHED,True,0,0.000382937532131,64792.6307754,64767.8192453,64477.1818987,75,1,576,2880,0>576,0.0403359999982,6.7852615,1.85991666513e-10,20,347,True,True,True
97481.8383484,7260.59402368,15864.9068563,12934.1269844,2.84217094304e-13,12393.5611669,62513.4276739,39942.8024228,102456.230097,1443.70727585,1350.87124156,32,2025-12-16,stochastic,INCREMENTAL_MILP_GAP_REACHED,True,0,0.000161892030569,66783.4031099,66772.5914092,66556.2648733,89,1,576,2880,0>576,0.0412705999988,4.6096734,6.01858118898e-10,20,348,True,True,True
97939.3531421,6373.00619626,16225.8642151,13081.1433906,2.27373675443e-13,12975.7914472,62773.0106986,35167.3522454,97940.362944,1350.87124156,1419.5452678,30,2025-12-17,stochastic,INCREMENTAL_MILP_GAP_REACHED,True,0,0.000176933787237,66966.1023528,66954.2537867,66742.3521048,89,1,576,2880,0>576,0.0432799999944,4.6308047,2.09142854146e-08,20,349,True,True,True
96447.7482838,7129.57089623,16602.396662,13297.0360255,1.70530256582e-13,12905.6915769,61949.9541683,37385.4225711,99335.3767394,1419.5452678,1587.21779079,39,2025-12-18,stochastic,INCREMENTAL_MILP_GAP_REACHED,True,0,0.000369432724744,66506.4772958,66481.9076267,66298.3509878,88,1,576,2880,0>576,0.0465194000026,5.7587394,7.95807864051e-12,20,350,True,True,True
95177.0970099,3.22586402035e-12,14217.6709606,7500.34537677,4683.18637386,40868.1937523,61199.6512698,1.96817637743e-11,61199.6512698,1587.21779079,6049.40457,0,2025-12-19,stochastic,INCREMENTAL_MILP_GAP_REACHED,True,0,0.000518761046254,64766.4726982,64732.874375,64489.1031675,62,2,720,2880,0>576>720,0.0618821000025,12.9994419,5.37966116099e-10,20,351,True,True,True
90433.838591,3.68061137124e-12,9225.21723829,7471.62185866,4900.33231619,40923.5586452,59190.2527598,2.2149455603e-11,59190.2527598,6049.40457,6050.29801929,0,2025-12-20,stochastic,INCREMENTAL_MILP_GAP_REACHED,True,0,0.000189109093873,63888.5474959,63876.4655905,63706.6537965,67,1,576,2880,0>576,0.0393807999972,5.3188536,1.94696672586e-08,20,350,True,True,True
91073.5063285,6152.37885379,11911.9840558,13683.7708986,1.70530256582e-13,9959.89015844,59687.0188048,35627.826192,95314.8449969,6050.29801929,1566.89378219,28,2025-12-21,stochastic,INCREMENTAL_MILP_GAP_REACHED,True,0,0.000184079854574,63708.0812137,63696.3538394,63513.4912874,69,1,576,2880,0>576,0.039976,5.7074589,2.41334419115e-09,20,352,True,True,True
95532.0646644,7360.01589591,16541.828114,13456.693297,1.70530256582e-13,10869.51866,61289.6951891,39024.5728438,100314.268033,1566.89378219,1502.65764363,49,2025-12-22,stochastic,INCREMENTAL_MILP_GAP_REACHED,True,0,0.000520614407675,65354.1583167,65320.1340003,65165.0643392,84,1,576,2880,0>576,0.0389504000013,6.5918554,2.84285306407e-09,20,354,True,True,True
97689.0641863,6017.11610996,17471.4864956,13527.7216445,2.27373675443e-13,12504.3229119,62723.2008307,32376.5752812,95099.7761119,1502.65764363,2196.19366243,40,2025-12-23,stochastic,INCREMENTAL_MILP_GAP_REACHED,True,0,0.000287773476735,66915.6764526,66896.4198958,66735.9692498,90,1,576,2880,0>576,0.0410560000018,7.2479796,1.08109784804e-09,20,355,True,True,True
96441.1675681,7100.82992762,15121.5172138,12985.5403168,3.41060513165e-13,13551.461282,62037.807744,39352.2779078,101390.085652,2196.19366243,1377.18102513,27,2025-12-24,stochastic,INCREMENTAL_MILP_GAP_REACHED,True,0,0.000150205991769,66105.6502169,66095.7207521,65884.1598833,88,1,576,2880,0>576,0.0401856000026,4.0467833,6.40966391074e-10,20,356,True,True,True
95484.0883184,6637.77910574,17604.5900766,13958.0593126,2.84217094304e-13,10662.8881269,61216.5534784,35408.1260145,96624.6794929,1377.18102513,1712.35730222,42,2025-12-25,stochastic,INCREMENTAL_MILP_GAP_REACHED,True,0,0.000348670383724,66341.2496309,66318.1184019,66123.0183848,86,1,576,2880,0>576,0.0411626999994,5.2073452,1.27329258248e-11,20,357,True,True,True
97622.1371219,4.12114786741e-12,13732.4063952,7204.18220171,4611.33106667,43474.9594284,62958.6440323,2.55918592984e-11,62958.6440323,1712.35730222,6066.87616714,0,2025-12-26,stochastic,INCREMENTAL_MILP_GAP_REACHED,True,0,0.000247284615608,66764.5482484,66748.0384028,66576.5874758,82,1,720,2880,0>720,0.0462401000004,6.4362978,1.200395367e-10,20,357,True,True,True
89651.3608196,3.80850906367e-12,9033.51158226,7350.22736398,3922.49112746,40706.7764072,58440.5032243,2.11543067508e-11,58440.5032243,6066.87616714,6030.11729786,0,2025-12-27,stochastic,INCREMENTAL_MILP_GAP_REACHED,True,0,0.000168958237393,63764.3797462,63753.606229,63550.7225582,73,1,576,2880,0>576,0.0439805000024,6.1400783,1.42489398058e-08,20,359,True,True,True
90482.6141534,5144.65980011,12816.7596155,14432.7914511,1.13686837722e-13,10434.0510391,59051.14399,28551.4351314,87602.5791214,6030.11729786,1528.76600614,35,2025-12-28,stochastic,INCREMENTAL_MILP_GAP_REACHED,True,0,0.00011493830551,63572.7186386,63565.411698,63360.4436976,71,1,576,2880,0>576,0.0684219000032,8.2481858,5.67183633393e-09,20,359,True,True,True
94165.204524,6436.20056982,16749.2104102,13817.9334049,1.70530256582e-13,10146.3618218,60300.6232295,34313.9879673,94614.6111968,1528.76600614,1249.79603653,46,2025-12-29,stochastic,INCREMENTAL_MILP_GAP_REACHED,True,0,0.000210118864631,65079.0041025,65065.3297761,64851.518488,80,1,576,2880,0>576,0.0658919999987,9.6287353,2.74667399935e-10,20,361,True,True,True
94368.9612477,6071.66816704,17454.9510902,14060.3061014,1.70530256582e-13,10821.5818259,60337.3613742,31340.5690505,91677.9304247,1249.79603653,1336.68968286,39,2025-12-30,stochastic,INCREMENTAL_MILP_GAP_REACHED,True,0,0.000245675399949,65146.1216144,65130.1168149,64882.9535368,85,1,432,2880,0>432,0.0425217999982,5.3465394,1.14596332423e-10,20,361,True,True,True
92976.7125288,9747.06037652,14722.2188712,12048.0180003,3.41060513165e-13,11403.1491011,59507.6102887,50012.6647721,109520.275061,1336.68968286,1200,63,2025-12-31,stochastic,INCREMENTAL_MILP_GAP_REACHED,True,0,0.000455185386957,60381.3344533,60353.8497522,60304.9683723,40,1,576,2880,0>576,0.0394263999988,6.127691,2.8489921533e-10,20,363,True,True,True
